"Rank","Severity","Category","Title","Owner","Status","Source","AssetCount","WhatItMeans","RequiredAction"
"1","CRITICAL","API / Routing","Route contract risk and duplicate-path risk","Dev 1","OPEN","ROUTE_RISK_SCAN.csv","15472","Routing complexity or duplicate prefixes can break contracts and invalidate release claims.","Review every route hit, eliminate duplicate prefixes, verify auth and tenant behavior, and re-run proof."
"2","CRITICAL","Module Completion","Module not complete: Activities / Events","Dev 3","OPEN","MODULE_COMPLETION_MATRIX.csv","1","The module is still red and cannot be part of a final completion claim.","Finish missing DataModel, Permissions, Tenant, Audit, API, UI, Tests, E2E, Docs, then mark GREEN only with proof."
"3","CRITICAL","Module Completion","Module not complete: Administrator Portal","Dev 4","OPEN","MODULE_COMPLETION_MATRIX.csv","1","The module is still red and cannot be part of a final completion claim.","Finish missing DataModel, Permissions, Tenant, Audit, API, UI, Tests, E2E, Docs, then mark GREEN only with proof."
"4","CRITICAL","Module Completion","Module not complete: Admissions","Dev 3","OPEN","MODULE_COMPLETION_MATRIX.csv","1","The module is still red and cannot be part of a final completion claim.","Finish missing DataModel, Permissions, Tenant, Audit, API, UI, Tests, E2E, Docs, then mark GREEN only with proof."
"5","CRITICAL","Module Completion","Module not complete: Advanced Board Reporting","Dev 3","OPEN","MODULE_COMPLETION_MATRIX.csv","1","The module is still red and cannot be part of a final completion claim.","Finish missing DataModel, Permissions, Tenant, Audit, API, UI, Tests, E2E, Docs, then mark GREEN only with proof."
"6","CRITICAL","Module Completion","Module not complete: Attendance","Dev 2","OPEN","MODULE_COMPLETION_MATRIX.csv","1","The module is still red and cannot be part of a final completion claim.","Finish missing DataModel, Permissions, Tenant, Audit, API, UI, Tests, E2E, Docs, then mark GREEN only with proof."
"7","CRITICAL","Module Completion","Module not complete: Billing / Payments","Dev 3","OPEN","MODULE_COMPLETION_MATRIX.csv","1","The module is still red and cannot be part of a final completion claim.","Finish missing DataModel, Permissions, Tenant, Audit, API, UI, Tests, E2E, Docs, then mark GREEN only with proof."
"8","CRITICAL","Module Completion","Module not complete: Board Governance","Product","OPEN","MODULE_COMPLETION_MATRIX.csv","1","The module is still red and cannot be part of a final completion claim.","Finish missing DataModel, Permissions, Tenant, Audit, API, UI, Tests, E2E, Docs, then mark GREEN only with proof."
"9","CRITICAL","Module Completion","Module not complete: Communications","Dev 3","OPEN","MODULE_COMPLETION_MATRIX.csv","1","The module is still red and cannot be part of a final completion claim.","Finish missing DataModel, Permissions, Tenant, Audit, API, UI, Tests, E2E, Docs, then mark GREEN only with proof."
"10","CRITICAL","Module Completion","Module not complete: Core Platform","Dev 1 / Dev 5","OPEN","MODULE_COMPLETION_MATRIX.csv","1","The module is still red and cannot be part of a final completion claim.","Finish missing DataModel, Permissions, Tenant, Audit, API, UI, Tests, E2E, Docs, then mark GREEN only with proof."
"11","CRITICAL","Module Completion","Module not complete: Crown Compass","Product","OPEN","MODULE_COMPLETION_MATRIX.csv","1","The module is still red and cannot be part of a final completion claim.","Finish missing DataModel, Permissions, Tenant, Audit, API, UI, Tests, E2E, Docs, then mark GREEN only with proof."
"12","CRITICAL","Module Completion","Module not complete: Extended Discipline","Dev 3","OPEN","MODULE_COMPLETION_MATRIX.csv","1","The module is still red and cannot be part of a final completion claim.","Finish missing DataModel, Permissions, Tenant, Audit, API, UI, Tests, E2E, Docs, then mark GREEN only with proof."
"13","CRITICAL","Module Completion","Module not complete: Food Services","Product","OPEN","MODULE_COMPLETION_MATRIX.csv","1","The module is still red and cannot be part of a final completion claim.","Finish missing DataModel, Permissions, Tenant, Audit, API, UI, Tests, E2E, Docs, then mark GREEN only with proof."
"14","CRITICAL","Module Completion","Module not complete: Nurse Office","Dev 3","OPEN","MODULE_COMPLETION_MATRIX.csv","1","The module is still red and cannot be part of a final completion claim.","Finish missing DataModel, Permissions, Tenant, Audit, API, UI, Tests, E2E, Docs, then mark GREEN only with proof."
"15","CRITICAL","Module Completion","Module not complete: Parent Portal","Dev 4","OPEN","MODULE_COMPLETION_MATRIX.csv","1","The module is still red and cannot be part of a final completion claim.","Finish missing DataModel, Permissions, Tenant, Audit, API, UI, Tests, E2E, Docs, then mark GREEN only with proof."
"16","CRITICAL","Module Completion","Module not complete: PD Hub","Product","OPEN","MODULE_COMPLETION_MATRIX.csv","1","The module is still red and cannot be part of a final completion claim.","Finish missing DataModel, Permissions, Tenant, Audit, API, UI, Tests, E2E, Docs, then mark GREEN only with proof."
"17","CRITICAL","Module Completion","Module not complete: Re-enrollment","Dev 3","OPEN","MODULE_COMPLETION_MATRIX.csv","1","The module is still red and cannot be part of a final completion claim.","Finish missing DataModel, Permissions, Tenant, Audit, API, UI, Tests, E2E, Docs, then mark GREEN only with proof."
"18","CRITICAL","Module Completion","Module not complete: Scheduling / Gradebook","Dev 2","OPEN","MODULE_COMPLETION_MATRIX.csv","1","The module is still red and cannot be part of a final completion claim.","Finish missing DataModel, Permissions, Tenant, Audit, API, UI, Tests, E2E, Docs, then mark GREEN only with proof."
"19","CRITICAL","Module Completion","Module not complete: Service & Outreach","Product","OPEN","MODULE_COMPLETION_MATRIX.csv","1","The module is still red and cannot be part of a final completion claim.","Finish missing DataModel, Permissions, Tenant, Audit, API, UI, Tests, E2E, Docs, then mark GREEN only with proof."
"20","CRITICAL","Module Completion","Module not complete: SIS Core","Dev 2","OPEN","MODULE_COMPLETION_MATRIX.csv","1","The module is still red and cannot be part of a final completion claim.","Finish missing DataModel, Permissions, Tenant, Audit, API, UI, Tests, E2E, Docs, then mark GREEN only with proof."
"21","CRITICAL","Module Completion","Module not complete: Spiritual Life","Product","OPEN","MODULE_COMPLETION_MATRIX.csv","1","The module is still red and cannot be part of a final completion claim.","Finish missing DataModel, Permissions, Tenant, Audit, API, UI, Tests, E2E, Docs, then mark GREEN only with proof."
"22","CRITICAL","Module Completion","Module not complete: Teacher Portal","Dev 4","OPEN","MODULE_COMPLETION_MATRIX.csv","1","The module is still red and cannot be part of a final completion claim.","Finish missing DataModel, Permissions, Tenant, Audit, API, UI, Tests, E2E, Docs, then mark GREEN only with proof."
"23","CRITICAL","Module Completion","Module not complete: Transportation","Dev 3","OPEN","MODULE_COMPLETION_MATRIX.csv","1","The module is still red and cannot be part of a final completion claim.","Finish missing DataModel, Permissions, Tenant, Audit, API, UI, Tests, E2E, Docs, then mark GREEN only with proof."
"24","CRITICAL","Module Completion","Module not complete: Volunteer / Family Engagement","Dev 3","OPEN","MODULE_COMPLETION_MATRIX.csv","1","The module is still red and cannot be part of a final completion claim.","Finish missing DataModel, Permissions, Tenant, Audit, API, UI, Tests, E2E, Docs, then mark GREEN only with proof."
"25","HIGH","API Inventory","API and route surface requires contract-level verification","Dev 1 / Dev 5","OPEN","API_ROUTE_CONTRACT_INVENTORY.csv","224","The repo contains a large API/route surface that needs explicit auth, tenant, and docs verification.","Fill the API route inventory and mark contract state for every public/release-relevant route."
