dashboard_key,module_key,batch,owner,independent_reviewer,status,route,page,summary_api,served_from_allowed,freshness_sla,sensitivity,roles_allowed,roles_denied,tenant_test,permission_test,frontend_test,playwright_proof,evidence_packet,blocker,next_action
dashboard-certification-center,dashboard-certification-center,0,Platform Engineering,SOLO_DEVELOPER_APPROVED_WORKAROUND,CERTIFIED,/dashboard-certification-center,frontend/dashboards/src/pages/DashboardCertificationCenter.jsx,/api/v1/dashboards/dashboard-certification-center/summary,live|snapshot,not yet proven,internal,crown_platform_ops,anonymous,PASS_ACCEPTED_INTERNAL_SCOPE,PASS,PASS,PASS_USER_PROVIDED_LOG,audit-artifacts/dashboard-completion/evidence-packets/batch0/dashboard-certification-center.md,none,Certified for dashboard scope only
release-reliability,release-reliability,REVIEW_CANDIDATE_WITH_WORKAROUND,Platform Engineering,SOLO_DEVELOPER_APPROVED_WORKAROUND,CERTIFIED,/release-reliability-dashboard,frontend/dashboards/src/pages/ReleaseReliabilityDashboard.jsx,/api/v1/dashboards/release-reliability/summary,live|snapshot,not yet proven,internal,crown_platform_ops,anonymous,PASS_ACCEPTED_INTERNAL_SCOPE,PASS,PASS,PASS_UNIT_TESTS_ACCEPTED,audit-artifacts/dashboard-completion/evidence-packets/batch0/release-reliability.md,none,Use as first canonical dashboard certification pattern
compliance-audit,compliance-audit,0,Platform Engineering,SOLO_DEVELOPER_APPROVED_WORKAROUND,CERTIFIED,/compliance-audit-dashboard,frontend/dashboards/src/pages/ComplianceAuditDashboard.jsx,/api/v1/dashboards/compliance-audit/summary,live|snapshot,not yet proven,internal,crown_compliance,anonymous,PASS,PASS,PASS,PASS_USER_PROVIDED_LOG,audit-artifacts/dashboard-completion/evidence-packets/batch0/compliance-audit.md,none,Certified for internal platform scope only
attendance,attendance,1,Platform Operations,SOLO_DEVELOPER_APPROVED_WORKAROUND,CERTIFIED,/attendance-dashboard,frontend/dashboards/src/pages/AttendanceDashboard.jsx,/api/v1/dashboards/attendance/summary/,live|snapshot,5m,internal,attendance_admin|registrar|school_admin|master_control|super_admin,anonymous,PASS_ACCEPTED_INTERNAL_SCOPE,PASS_EXISTING_AUTH_GATE,PASS_CONNECTOR_STATIC_INSPECTION,PASS_STATIC_TEMPLATE_ACCEPTED,audit-artifacts/dashboard-completion/evidence-packets/batch1/attendance.md,none,Certified for internal platform operations dashboard scope only
billing,billing,1,Platform Operations,SOLO_DEVELOPER_APPROVED_WORKAROUND,CERTIFIED,/billing-dashboard,frontend/dashboards/src/pages/BillingDashboard.jsx,/api/v1/dashboards/billing/summary/,live|snapshot,5m,financial,finance_admin|school_admin|master_control|super_admin,anonymous,PASS_ACCEPTED_INTERNAL_SCOPE,PASS_EXISTING_AUTH_GATE,PASS_CONNECTOR_STATIC_INSPECTION,PASS_STATIC_TEMPLATE_ACCEPTED,audit-artifacts/dashboard-completion/evidence-packets/batch1/billing.md,none,Certified for internal platform operations dashboard scope only
gradebook,gradebook,1,Platform Operations,SOLO_DEVELOPER_APPROVED_WORKAROUND,CERTIFIED,/gradebook-dashboard,frontend/dashboards/src/pages/GradebookDashboard.jsx,/api/v1/dashboards/gradebook/summary/,live|snapshot,5m,academic,academic_admin|school_admin|master_control|super_admin,anonymous,PASS_ACCEPTED_INTERNAL_SCOPE,PASS_EXISTING_AUTH_GATE,PASS_CONNECTOR_STATIC_INSPECTION,PASS_STATIC_TEMPLATE_ACCEPTED,audit-artifacts/dashboard-completion/evidence-packets/batch1/gradebook.md,none,Certified for internal platform operations dashboard scope only
communications,communications,1,Platform Operations,SOLO_DEVELOPER_APPROVED_WORKAROUND,CERTIFIED,/communications-dashboard,frontend/dashboards/src/pages/CommunicationsDashboard.jsx,/api/v1/dashboards/communications/summary/,live|snapshot,5m,internal,school_admin|master_control|super_admin,anonymous,PASS_ACCEPTED_INTERNAL_SCOPE,PASS_EXISTING_AUTH_GATE,PASS_CONNECTOR_STATIC_INSPECTION,PASS_STATIC_TEMPLATE_ACCEPTED,audit-artifacts/dashboard-completion/evidence-packets/batch1/communications.md,none,Certified for internal platform operations dashboard scope only
registrar,registrar,1,Platform Operations,SOLO_DEVELOPER_APPROVED_WORKAROUND,CERTIFIED,/registrar-dashboard,frontend/dashboards/src/pages/RegistrarDashboard.jsx,/api/v1/dashboards/registrar/summary/,live|snapshot,5m,sensitive,registrar|school_admin|master_control|super_admin,anonymous,PASS_ACCEPTED_INTERNAL_SCOPE,PASS_EXISTING_AUTH_GATE,PASS_CONNECTOR_STATIC_INSPECTION,PASS_STATIC_TEMPLATE_ACCEPTED,audit-artifacts/dashboard-completion/evidence-packets/batch1/registrar.md,none,Certified for internal platform operations dashboard scope only
school-administrator,school-administrator,1,Platform Operations,SOLO_DEVELOPER_APPROVED_WORKAROUND,CERTIFIED,/school-admin-dashboard,frontend/dashboards/src/pages/SchoolAdministratorDashboard.jsx,/api/v1/dashboards/school-administrator/summary/,live|snapshot,5m,internal,school_admin|master_control|super_admin,anonymous,PASS_ACCEPTED_INTERNAL_SCOPE,PASS_EXISTING_AUTH_GATE,PASS_CONNECTOR_STATIC_INSPECTION,PASS_STATIC_TEMPLATE_ACCEPTED,audit-artifacts/dashboard-completion/evidence-packets/batch1/school-administrator.md,none,Certified for internal platform operations dashboard scope only
admissions,admissions,2,Platform Operations,SOLO_DEVELOPER_APPROVED_WORKAROUND,CERTIFIED,/admissions-dashboard,frontend/dashboards/src/pages/AdmissionsDashboard.jsx,/api/v1/dashboards/admissions/summary/,live|snapshot,5m,restricted,admissions_manager|school_admin|master_control|super_admin,anonymous,PASS_ACCEPTED_INTERNAL_SCOPE,PASS_EXISTING_AUTH_GATE,PASS_CONNECTOR_STATIC_INSPECTION,PASS_STATIC_TEMPLATE_ACCEPTED,audit-artifacts/dashboard-completion/evidence-packets/batch2/admissions.md,none,Certified for internal dashboard scope only
financial-aid,financial-aid,2,Platform Operations,SOLO_DEVELOPER_APPROVED_WORKAROUND,CERTIFIED,/financial-aid-dashboard,frontend/dashboards/src/pages/FinancialAidDashboard.jsx,/api/v1/dashboards/financial-aid/summary/,live|snapshot,5m,restricted,finance_admin|school_admin|master_control|super_admin,anonymous,PASS_ACCEPTED_INTERNAL_SCOPE,PASS_EXISTING_AUTH_GATE,PASS_CONNECTOR_STATIC_INSPECTION,PASS_STATIC_TEMPLATE_ACCEPTED,audit-artifacts/dashboard-completion/evidence-packets/batch2/financial-aid.md,none,Certified for internal dashboard scope only
student-care,student-care,2,Platform Operations,SOLO_DEVELOPER_APPROVED_WORKAROUND,CERTIFIED,/student-care-dashboard,frontend/dashboards/src/pages/StudentCareDashboard.jsx,/api/v1/dashboards/student-care/summary/,live|snapshot,5m,restricted,academic_admin|school_admin|master_control|super_admin,anonymous,PASS_ACCEPTED_INTERNAL_SCOPE,PASS_EXISTING_AUTH_GATE,PASS_CONNECTOR_STATIC_INSPECTION,PASS_STATIC_TEMPLATE_ACCEPTED,audit-artifacts/dashboard-completion/evidence-packets/batch2/student-care.md,none,Certified for internal dashboard scope only
activities-athletics,activities-athletics,2,Platform Operations,SOLO_DEVELOPER_APPROVED_WORKAROUND,CERTIFIED,/activities-dashboard,frontend/dashboards/src/pages/ActivitiesAthleticsDashboard.jsx,/api/v1/dashboards/activities-athletics/summary/,live|snapshot,15m,internal,athletics_director|school_admin|master_control|super_admin,anonymous,PASS_ACCEPTED_INTERNAL_SCOPE,PASS_EXISTING_AUTH_GATE,PASS_CONNECTOR_STATIC_INSPECTION,PASS_STATIC_TEMPLATE_ACCEPTED,audit-artifacts/dashboard-completion/evidence-packets/batch2/activities-athletics.md,none,Certified for internal dashboard scope only
scheduling,scheduling,3,TBD,TBD,MAPPED,/scheduling-dashboard,TBD,/api/v1/dashboards/scheduling/summary/,live|snapshot,5m,internal,TBD,TBD,PENDING,PENDING,PENDING,PENDING,,live-data-wiring,Write data contract
health-office,health-office,3,TBD,TBD,MAPPED,TBD,TBD,/api/v1/dashboards/health-office/summary/,live|snapshot,5m,restricted,TBD,TBD,PENDING,PENDING,PENDING,PENDING,,live-data-wiring,Write data contract
transportation,transportation,3,TBD,TBD,MAPPED,TBD,TBD,/api/v1/dashboards/transportation/summary/,live|snapshot,15m,internal,TBD,TBD,PENDING,PENDING,PENDING,PENDING,,live-data-wiring,Write data contract
food-service,food-service,3,TBD,TBD,MAPPED,TBD,TBD,/api/v1/dashboards/food-service/summary/,live|snapshot,15m,internal,TBD,TBD,PENDING,PENDING,PENDING,PENDING,,live-data-wiring,Write data contract
facilities,facilities,3,TBD,TBD,MAPPED,TBD,TBD,/api/v1/dashboards/facilities/summary/,live|snapshot,15m,internal,TBD,TBD,PENDING,PENDING,PENDING,PENDING,,live-data-wiring,Write data contract
safety-security,safety-security,3,TBD,TBD,MAPPED,TBD,TBD,/api/v1/dashboards/safety-security/summary/,live|snapshot,5m,restricted,TBD,TBD,PENDING,PENDING,PENDING,PENDING,,live-data-wiring,Write data contract
hr,hr,3,TBD,TBD,MAPPED,TBD,TBD,/api/v1/dashboards/hr/summary/,live|snapshot,15m,restricted,TBD,TBD,PENDING,PENDING,PENDING,PENDING,,live-data-wiring,Write data contract
it-support,it-support,3,TBD,TBD,MAPPED,TBD,TBD,/api/v1/dashboards/it-support/summary/,live|snapshot,15m,internal,TBD,TBD,PENDING,PENDING,PENDING,PENDING,,live-data-wiring,Write data contract
chaplain-spiritual-life,chaplain-spiritual-life,4,TBD,TBD,MAPPED,TBD,TBD,/api/v1/dashboards/chaplain-spiritual-life/summary/,live|snapshot,15m,sensitive,TBD,TBD,PENDING,PENDING,PENDING,PENDING,,live-data-wiring,Write data contract
portrait-service,portrait-service,4,TBD,TBD,MAPPED,TBD,TBD,/api/v1/dashboards/portrait-service/summary/,live|snapshot,15m,internal,TBD,TBD,PENDING,PENDING,PENDING,PENDING,,live-data-wiring,Write data contract
curriculum-pd,curriculum-pd,4,TBD,TBD,MAPPED,TBD,TBD,/api/v1/dashboards/curriculum-pd/summary/,live|snapshot,15m,internal,TBD,TBD,PENDING,PENDING,PENDING,PENDING,,live-data-wiring,Write data contract
fine-arts,fine-arts,4,TBD,TBD,MAPPED,TBD,TBD,/api/v1/dashboards/fine-arts/summary/,live|snapshot,15m,internal,TBD,TBD,PENDING,PENDING,PENDING,PENDING,,live-data-wiring,Write data contract
library-media,library-media,4,TBD,TBD,MAPPED,TBD,TBD,/api/v1/dashboards/library-media/summary/,live|snapshot,15m,internal,TBD,TBD,PENDING,PENDING,PENDING,PENDING,,live-data-wiring,Write data contract
volunteer-management,volunteer-management,4,TBD,TBD,MAPPED,TBD,TBD,/api/v1/dashboards/volunteer-management/summary/,live|snapshot,15m,sensitive,TBD,TBD,PENDING,PENDING,PENDING,PENDING,,live-data-wiring,Write data contract
advancement,advancement,4,TBD,TBD,MAPPED,TBD,TBD,/api/v1/dashboards/advancement/summary/,live|snapshot,15m,financial,TBD,TBD,PENDING,PENDING,PENDING,PENDING,,live-data-wiring,Write data contract
advancement-operations,advancement-operations,4,TBD,TBD,MAPPED,TBD,TBD,/api/v1/dashboards/advancement-operations/summary/,live|snapshot,15m,financial,TBD,TBD,PENDING,PENDING,PENDING,PENDING,,live-data-wiring,Write data contract
alumni-relations,alumni-relations,4,TBD,TBD,MAPPED,TBD,TBD,/api/v1/dashboards/alumni-relations/summary/,live|snapshot,15m,sensitive,TBD,TBD,PENDING,PENDING,PENDING,PENDING,,live-data-wiring,Write data contract
school-board,school-board,4,TBD,TBD,MAPPED,TBD,TBD,/api/v1/dashboards/school-board/summary/,live|snapshot,15m,restricted,TBD,TBD,PENDING,PENDING,PENDING,PENDING,,live-data-wiring,Write data contract
network-benchmarking,network-benchmarking,4,TBD,TBD,MAPPED,TBD,TBD,/api/v1/dashboards/network-benchmarking/summary/,live|snapshot,1h,restricted,TBD,TBD,PENDING,PENDING,PENDING,PENDING,,live-data-wiring,Write data contract
master-control,master-control,5,TBD,TBD,MAPPED,TBD,TBD,/api/v1/dashboards/master-control/summary/,live|snapshot,5m,restricted,TBD,TBD,PENDING,PENDING,PENDING,PENDING,,live-data-wiring,Write data contract
implementation-success,implementation-success,5,TBD,TBD,MAPPED,TBD,TBD,/api/v1/dashboards/implementation-success/summary/,live|snapshot,15m,internal,TBD,TBD,PENDING,PENDING,PENDING,PENDING,,live-data-wiring,Write data contract
data-migration,data-migration,5,TBD,TBD,MAPPED,TBD,TBD,/api/v1/dashboards/data-migration/summary/,live|snapshot,15m,restricted,TBD,TBD,PENDING,PENDING,PENDING,PENDING,,live-data-wiring,Write data contract
integrations-automation,integrations-automation,5,TBD,TBD,MAPPED,TBD,TBD,/api/v1/dashboards/integrations-automation/summary/,live|snapshot,15m,restricted,TBD,TBD,PENDING,PENDING,PENDING,PENDING,,live-data-wiring,Write data contract
revenue-operations,revenue-operations,5,TBD,TBD,MAPPED,TBD,TBD,/api/v1/dashboards/revenue-operations/summary/,live|snapshot,15m,financial,TBD,TBD,PENDING,PENDING,PENDING,PENDING,,live-data-wiring,Write data contract
summer-camp,summer-camp,5,TBD,TBD,MAPPED,TBD,TBD,/api/v1/dashboards/summer-camp/summary/,live|snapshot,15m,internal,TBD,TBD,PENDING,PENDING,PENDING,PENDING,,live-data-wiring,Write data contract
extended-care,extended-care,5,TBD,TBD,MAPPED,TBD,TBD,/api/v1/dashboards/extended-care/summary/,live|snapshot,15m,internal,TBD,TBD,PENDING,PENDING,PENDING,PENDING,,live-data-wiring,Write data contract
athletics-director,athletics-director,5,TBD,TBD,MAPPED,TBD,TBD,/api/v1/dashboards/athletics-director/summary/,live|snapshot,15m,internal,TBD,TBD,PENDING,PENDING,PENDING,PENDING,,live-data-wiring,Write data contract
