rank,competitor,market_role,competitor_strength_to_match,crown_superiority_requirement,current_crown_result
1,Veracross,Private/independent K-12 SIS,One-person/one-record positioning; broad departments; integrations,"CROWN must match single-record integrity and integration breadth, then exceed with Christian workflows, evidence gates, and data provenance",NOT_CERTIFIED
2,FACTS / RenWeb,Private/Christian/Catholic K-12 platform,"Admissions, academics, finance, family engagement, analytics, large footprint","CROWN must match core platform trust and exceed with cleaner UX, live dashboards, tenant proof",NOT_CERTIFIED
3,Blackbaud Education Management,K-12 education management suite,"SIS, LMS, enrollment, billing, advancement/nonprofit ecosystem",CROWN must match suite breadth and exceed with simpler operations and Christian-specific workflows,NOT_CERTIFIED
4,PowerSchool,Large K-12 SIS/operations incumbent,"Core SIS depth, reporting, scale, integrations","CROWN must match SIS depth and exceed on private-school fit, security transparency, implementation cleanliness",NOT_CERTIFIED
5,Alma,Modern SIS,"Analytics, integrations, enrollment, attendance, fee management, grading, records, scheduling, communications",CROWN must match usability and analytics and exceed with full Christian school operating model,NOT_CERTIFIED
6,Finalsite Enrollment / SchoolAdmin,"Enrollment, websites, marketing, communications",Admissions/enrollment/tuition billing management and digital family-facing experience,"CROWN must beat specialized enrollment while connecting it to full SIS, billing, records, dashboards",NOT_CERTIFIED
7,Ravenna,Private-school admissions management,"Applications, events, admissions progress tracking","CROWN must match admissions experience and exceed with conversion into full SIS, billing, registrar records",NOT_CERTIFIED
8,TADS / VenturEd,"Private/independent contracts, billing, SIS, admissions, financial aid","Enrollment lifecycle, tuition/billing, contracts, support, integrations",CROWN must match finance/enrollment reliability and exceed with unified live operations,NOT_CERTIFIED
9,Rediker,School administrative SIS,"Student/staff DB, admissions, gradebook, portals, master schedule, report cards/transcripts, billing",CROWN must match SIS/admin breadth and exceed with modern architecture and evidence gates,NOT_CERTIFIED
10,Senior Systems,Independent-school integrated database,"Admissions, academics, accounting, advancement, board/counselor/parent data",CROWN must match single-database independent-school depth and exceed with modern UI/proof automation,NOT_CERTIFIED
11,Skyward,K-12 student management/ERP incumbent,"Student management, HR, finance, family access, district workflows",CROWN must match operational reliability and exceed on private Christian specialization,NOT_CERTIFIED
12,Infinite Campus,Large K-12 district SIS,"SIS scale, scheduling, grading, reporting, family portal, security",CROWN must match core depth and exceed on private-school fit and proof-backed release discipline,NOT_CERTIFIED
13,Gradelink,Private-school-friendly SIS,"Gradebook, attendance, enrollment, support, school communications",CROWN must match simplicity and exceed on operating-system breadth and dashboards,NOT_CERTIFIED
14,QuickSchools,Cloud SIS,"Gradebook, attendance, parent portal, admissions, scheduling, fees, messaging, reports",CROWN must match lightweight speed and exceed on tenant/compliance/Christian workflows,NOT_CERTIFIED
15,MySchoolWorx,Small/private school management,"Gradebook, attendance, parent/family operations","CROWN must match small-school usability and exceed on completeness, dashboards, security, compliance",NOT_CERTIFIED
16,Sycamore,Small/mid private K-12 all-in-one,"SIS, payments, LMS integration, communications, scheduler",CROWN must match all-in-one private-school operations and exceed on proof gates/tenant posture,NOT_CERTIFIED
17,SchoolCues,Small-school admin platform,"SIS, parent engagement, payments, admissions/enrollment, alumni, gradebook, transcripts/report cards",CROWN must match ease and exceed with full SIS/finance/mission/governance depth,NOT_CERTIFIED
18,SchoolSpeak,Private/Catholic school management,"Student/family info, attendance, gradebook, report cards, payments, communications, integrations",CROWN must match Catholic/private workflows and exceed with modern architecture and dashboards,NOT_CERTIFIED
19,openSIS,Cloud SIS,"Students, staff, attendance, grades, behavior, fees, RBAC, compliance positioning",CROWN must match core SIS and exceed with private Christian workflows and operational dashboards,NOT_CERTIFIED
20,DreamClass,School management platform,"Admissions, academics, student/teacher management, scheduling, finance, access, communications",CROWN must match paperless academic/finance workflows and exceed on breadth/proof discipline,NOT_CERTIFIED
21,Classe365,All-in-one learner lifecycle platform,"CRM, SIS, LMS, finance, fundraising, alumni, API",CROWN must match lifecycle breadth and exceed with Christian/private specificity,NOT_CERTIFIED
22,Fedena,Global school ERP,"100+ modules, admissions, exams/gradebook, timetable/attendance, fees, online classes",CROWN must match breadth and exceed on U.S. private Christian compliance/UX/proof discipline,NOT_CERTIFIED
23,Edsembli / Sparkrock,K-12 ERP/SIS platform,"Finance, HR, SIS, school-generated funds, central records",CROWN must match finance/HR/SIS integration and exceed on private-school mission fit,NOT_CERTIFIED
24,SchoolMint,Enrollment/recruitment platform,"Recruitment CRM, application/lottery, registration, predictive enrollment analytics, behavior/data tools",CROWN must match enrollment excellence and exceed by connecting to full SIS/billing/registrar operations,NOT_CERTIFIED
25,FACTS Financial / Tuition ecosystem,"Tuition, billing, payments, financial aid operating lane",Trusted finance workflows and family billing footprint,CROWN must match finance trust and exceed with native SIS operating record and dashboards,NOT_CERTIFIED
