"File","Exists","Size","LastWriteTime"
"scripts/release/fix_15_to_green.ps1","True","32114","2026-04-11T21:22:47"
"scripts/release/fix_16_31_to_green.ps1","True","28597","2026-04-11T21:22:47"
"scripts/release/fix_32_46_to_green.ps1","True","26019","2026-04-11T21:28:23"
"scripts/release/fix_47_61_to_green.ps1","True","29819","2026-04-11T21:22:48"
"scripts/release/28_run_next_release_sequence.ps1","True","3893","2026-04-11T21:22:48"
"scripts/release/20_release_verify.ps1","True","3277","2026-04-11T21:32:56"
"scripts/release/25_build_ship_candidate.ps1","True","2331","2026-04-11T21:33:45"
"scripts/release/26_release_doctor.ps1","True","3074","2026-04-11T21:33:45"
"scripts/release/27_schema_green_pass.ps1","True","4706","2026-04-11T21:33:46"
"scripts/release/schema_w002_inventory.py","True","3603","2026-04-11T21:33:46"
"scripts/release/patch_schema_function_views.py","True","3327","2026-04-11T21:33:46"
"scripts/release/patch_schema_apiview_methods.py","True","3269","2026-04-11T21:33:46"
"scripts/release/schema_gate.py","True","1072","2026-04-11T21:33:46"
"scripts/release/route_catalog_release.py","True","1528","2026-04-11T21:33:46"
"scripts/release/update_schema_progress_doc.py","True","992","2026-04-11T21:33:46"
"scripts/release/release_patch_guard.py","True","2334","2026-04-11T21:33:45"
"scripts/release/verify_required_release_packages.py","True","2474","2026-04-11T21:33:45"
"scripts/release/route_catalog.py","True","1517","2026-04-11T21:33:45"
"scripts/release/mock_seed_scan.py","True","1544","2026-04-11T21:33:45"
"scripts/release/seed_release_demo.py","True","1059","2026-04-11T21:33:45"
"scripts/release/seed_fixture_parity.py","True","1168","2026-04-11T21:33:45"
"scripts/release/workflow_preflight.py","True","1026","2026-04-11T21:33:45"
"scripts/release/compuwerx_sandbox_capture.ps1","True","869","2026-04-11T21:33:45"
"scripts/release/11_verify_import_and_migrations.ps1","True","2556","2026-04-11T21:32:07"
"scripts/release/12_verify_backend_urls_and_health.ps1","True","1406","2026-04-11T21:32:07"
"scripts/release/13_verify_workflows_and_deploy_risk.ps1","True","1210","2026-04-11T21:32:07"
"scripts/load/locustfile.py","True","589","2026-04-11T21:32:56"
"release_closeout/__init__.py","True","66","2026-04-11T21:32:56"
"release_closeout/apps.py","True","206","2026-04-11T21:32:56"
"release_closeout/pdf_utils.py","True","1925","2026-04-11T21:32:56"
"release_closeout/services.py","True","1948","2026-04-11T21:32:56"
"release_closeout/views.py","True","3085","2026-04-11T21:32:56"
"release_closeout/urls.py","True","1041","2026-04-11T21:37:14"
"backend/core/api_schema.py","True","976","2026-04-11T21:33:46"
"docs/release/PRIORITY_15_TO_GREEN.md","True","1837","2026-04-11T21:32:07"
"docs/release/PRIORITY_16_31_TO_GREEN.md","True","1766","2026-04-11T21:32:56"
"docs/release/PRIORITY_32_46_TO_GREEN.md","True","1846","2026-04-11T21:33:45"
"docs/release/PRIORITY_47_61_TO_GREEN.md","True","1782","2026-04-11T21:33:46"
"docs/release/BRANCH_PROTECTION_REQUIRED_CHECKS.md","True","521","2026-04-11T21:32:56"
"docs/release/LOAD_TEST_REPORT_TEMPLATE.md","True","409","2026-04-11T21:32:56"
"docs/release/RELEASE_ENV_MATRIX.md","True","806","2026-04-11T21:33:45"
"docs/release/SCHEMA_W002_BUDGET.json","True","158","2026-04-11T21:33:46"
"docs/release/SCHEMA_W002_PROGRESS.md","True","368","2026-04-11T21:39:20"
"docs/release/SHIP_CANDIDATE.md","True","431","2026-04-11T21:37:04"
"docs/release/SHIP_CANDIDATE_32_46.md","True","288","2026-04-11T21:39:20"
"docs/release/SHIP_CANDIDATE_47_61.md","True","325","2026-04-11T21:39:26"
"docs/release/NEXT_ACTION_SUMMARY.md","True","1126","2026-04-11T21:39:26"
"docs/release/TOP_W002_OFFENDERS_PRE.md","True","268","2026-04-11T21:39:30"
"docs/release/TOP_W002_OFFENDERS_POST.md","True","242","2026-04-11T21:39:30"
".github/workflows/dependency-audit.yml","True","1299","2026-04-11T21:32:07"
".github/workflows/release-verify.yml","True","2302","2026-04-11T21:32:07"
".github/workflows/schema-governance.yml","True","1929","2026-04-11T21:33:46"
"tests/test_release_tenant_and_urls.py","True","1827","2026-04-11T21:32:07"
"tests/test_release_closeout_phase2.py","True","1948","2026-04-11T21:33:45"
"tests/test_mock_seed_scan_output.py","True","377","2026-04-11T21:33:45"
"tests/test_release_route_contracts.py","True","1307","2026-04-11T21:33:45"
"tests/test_schema_governance_assets.py","True","1104","2026-04-11T21:33:46"
"frontend/dashboards/src/lib/releaseApi.ts","True","492","2026-04-11T21:33:46"
"frontend/dashboards/src/components/exports/ExportButton.tsx","True","3227","2026-04-11T21:32:56"
"frontend/dashboards/src/components/exports/BulkExportMenu.tsx","True","2929","2026-04-11T21:32:56"
"frontend/dashboards/src/components/release/Closeout16to31Panel.tsx","True","2389","2026-04-11T21:33:45"
"frontend/dashboards/src/components/release/ReleaseExportButton.tsx","True","2027","2026-04-11T21:33:45"
"frontend/dashboards/src/components/release/ReleaseStatusMatrix.tsx","True","2809","2026-04-11T21:33:45"
"frontend/dashboards/src/components/release/SchemaStatusWidget.tsx","True","2511","2026-04-11T21:33:46"
"frontend/dashboards/tests/investor-golden-path.spec.ts","True","916","2026-04-11T21:32:56"
"frontend/dashboards/tests/release-closeout-routes.spec.ts","True","388","2026-04-11T21:33:45"
"frontend/dashboards/tests/release-closeout-widget.test.tsx","True","267","2026-04-11T21:33:45"
"frontend/dashboards/tests/release-auth-golden-path.spec.ts","True","1008","2026-04-11T21:33:45"
"frontend/dashboards/tests/release-accessibility.spec.ts","True","646","2026-04-11T21:33:45"
"frontend/dashboards/tests/schema-status-widget.test.tsx","True","263","2026-04-11T21:33:46"
