"source_path","copied","packet_path"
"docs/release/LIVE_RELEASE_TRUTH.md","True","docs/release/evidence/live-pack/20260411_081446/docs/release/LIVE_RELEASE_TRUTH.md"
"docs/release/LIVE_BACKEND_VERIFICATION.md","True","docs/release/evidence/live-pack/20260411_081446/docs/release/LIVE_BACKEND_VERIFICATION.md"
"docs/release/LIVE_MODULE_PROOF_MATRIX.md","True","docs/release/evidence/live-pack/20260411_081446/docs/release/LIVE_MODULE_PROOF_MATRIX.md"
"docs/release/LIVE_EVIDENCE_INDEX.md","True","docs/release/evidence/live-pack/20260411_081446/docs/release/LIVE_EVIDENCE_INDEX.md"
"docs/release/LIVE_ACTION_REGISTER.md","True","docs/release/evidence/live-pack/20260411_081446/docs/release/LIVE_ACTION_REGISTER.md"
"docs/release/LIVE_RUNTIME_API_VERIFICATION.md","True","docs/release/evidence/live-pack/20260411_081446/docs/release/LIVE_RUNTIME_API_VERIFICATION.md"
"docs/release/LIVE_FRONTEND_DASHBOARD_PROOF.md","True","docs/release/evidence/live-pack/20260411_081446/docs/release/LIVE_FRONTEND_DASHBOARD_PROOF.md"
"docs/release/LIVE_REPORTING_EXPORT_AUDIT.md","True","docs/release/evidence/live-pack/20260411_081446/docs/release/LIVE_REPORTING_EXPORT_AUDIT.md"
"docs/release/LIVE_RELEASE_GATE_STATUS.md","True","docs/release/evidence/live-pack/20260411_081446/docs/release/LIVE_RELEASE_GATE_STATUS.md"
"docs/release/LIVE_FINAL_RELEASE_GATE.md","True","docs/release/evidence/live-pack/20260411_081446/docs/release/LIVE_FINAL_RELEASE_GATE.md"
"docs/release/LIVE_FINAL_SIGNOFF_CHECKLIST.md","True","docs/release/evidence/live-pack/20260411_081446/docs/release/LIVE_FINAL_SIGNOFF_CHECKLIST.md"
"docs/release/LIVE_MODULE_STATUS_SUMMARY.md","True","docs/release/evidence/live-pack/20260411_081446/docs/release/LIVE_MODULE_STATUS_SUMMARY.md"
"docs/release/LIVE_REPO_HYGIENE_PLAN.md","True","docs/release/evidence/live-pack/20260411_081446/docs/release/LIVE_REPO_HYGIENE_PLAN.md"
"docs/release/LIVE_WORKFLOW_CANONICALIZATION_PLAN.md","True","docs/release/evidence/live-pack/20260411_081446/docs/release/LIVE_WORKFLOW_CANONICALIZATION_PLAN.md"
"docs/release/live-audit/phase1","True","docs/release/evidence/live-pack/20260411_081446/docs/release/live-audit/phase1"
"docs/release/live-audit/phase2","True","docs/release/evidence/live-pack/20260411_081446/docs/release/live-audit/phase2"
"docs/release/live-audit/phase3","True","docs/release/evidence/live-pack/20260411_081446/docs/release/live-audit/phase3"
"docs/release/live-audit/phase4","True","docs/release/evidence/live-pack/20260411_081446/docs/release/live-audit/phase4"
"docs/release/live-audit/phase5","True","docs/release/evidence/live-pack/20260411_081446/docs/release/live-audit/phase5"
"docs/release/live-audit/phase6","True","docs/release/evidence/live-pack/20260411_081446/docs/release/live-audit/phase6"
"docs/release/live-audit/phase7","True","docs/release/evidence/live-pack/20260411_081446/docs/release/live-audit/phase7"
"docs/release/live-audit/phase8","True","docs/release/evidence/live-pack/20260411_081446/docs/release/live-audit/phase8"
"docs/release/live-audit/phase9","True","docs/release/evidence/live-pack/20260411_081446/docs/release/live-audit/phase9"
"docs/release/live-audit/phase10","True","docs/release/evidence/live-pack/20260411_081446/docs/release/live-audit/phase10"
"docs/release/live-audit/phase11","True","docs/release/evidence/live-pack/20260411_081446/docs/release/live-audit/phase11"
"docs/release/live-audit/phase12","True","docs/release/evidence/live-pack/20260411_081446/docs/release/live-audit/phase12"
"docs/release/live-audit/phase13","True","docs/release/evidence/live-pack/20260411_081446/docs/release/live-audit/phase13"
