"module_key","label","backend_path_count","backend_test_count","frontend_path_count","release_doc_hit_count","workflow_hit_count","proof_score","proof_status","representative_paths"
"platform_core","Platform Core","5","9","2","12","31","100","STRONG","backend/core, backend/tenants, backend/platform_ops, backend/integrations, backend/notifications, frontend/src, frontend/dashboards, docs/release/BUYER_POSITIONING_NOTES.md, docs/release/FINAL_INVESTOR_EVIDENCE_INDEX.md, docs/release/FINAL_RELEASE_GATE.md, docs/release/FINAL_SIGNOFF_CHECKLIST.md, docs/release/INVESTOR_DEMO_RUNBOOK.md"
"admissions_enrollment","Admissions and Enrollment","6","13","2","9","41","100","STRONG","backend/admissions, backend/applications, backend/reenrollment, backend/guardian_household_wizard, backend/enrollment_conversion_wizard, backend/enrollment_period_wizard, frontend/src, frontend/dashboards, docs/release/BUYER_POSITIONING_NOTES.md, docs/release/FINAL_SIGNOFF_CHECKLIST.md, docs/release/INVESTOR_DEMO_RUNBOOK.md, docs/release/LIVE_BACKEND_VERIFICATION.json"
"finance_ledger","Finance Ledger Payments Aid","11","53","2","8","40","100","STRONG","backend/billing, backend/finance, backend/finance_setup, backend/financial_aid, backend/ledger, backend/payments, backend/subscriptions, backend/journal, backend/billing_wizard, backend/financial_aid_wizard, backend/invoice_run_wizard, frontend/src"
"academics_gradebook","Academics Attendance Gradebook","16","47","2","7","51","100","STRONG","backend/academics, backend/academics_ro, backend/gradebook, backend/graduation, backend/attendance_codes_wizard, backend/attendance_rules_wizard, backend/bell_schedule_wizard, backend/course_catalog_wizard, backend/grade_scale_wizard, backend/grade_weights_wizard, backend/gradebook_setup_wizard, backend/promotion_wizard"
"dashboards_portals","Dashboards and Portals","3","9","2","8","49","100","STRONG","backend/student360, backend/parent360, backend/executive360, frontend/dashboards, frontend/src, docs/release/BUYER_POSITIONING_NOTES.md, docs/release/INVESTOR_DEMO_RUNBOOK.md, docs/release/LIVE_BACKEND_VERIFICATION.json, docs/release/LIVE_BACKEND_VERIFICATION.md, docs/release/LIVE_MODULE_PROOF_MATRIX.json, docs/release/LIVE_MODULE_PROOF_MATRIX.md, docs/release/MODULE_INVENTORY.md"
"communications_discipline","Communications Discipline Safety","4","9","2","6","51","100","STRONG","backend/comms, backend/discipline, backend/safety, backend/support, frontend/src, frontend/dashboards, docs/release/KNOWN_GAPS_AND_DEFERRED_ITEMS.md, docs/release/LIVE_BACKEND_VERIFICATION.json, docs/release/LIVE_BACKEND_VERIFICATION.md, docs/release/LIVE_MODULE_PROOF_MATRIX.json, docs/release/LIVE_MODULE_PROOF_MATRIX.md, docs/release/MODULE_INVENTORY.md"
"extended_operations","Extended Operations","6","11","2","7","48","100","STRONG","backend/aftercare, backend/athletics, backend/transportation, backend/hr, backend/facops, backend/classroom, frontend/src, frontend/dashboards, docs/release/BUYER_POSITIONING_NOTES.md, docs/release/LIVE_BACKEND_VERIFICATION.json, docs/release/LIVE_BACKEND_VERIFICATION.md, docs/release/LIVE_MODULE_PROOF_MATRIX.json"
"mission_addons","Mission Add-ons","6","18","2","8","51","100","STRONG","backend/advancement, backend/board_oversight, backend/outreach, backend/pdhub, backend/servicehours, backend/spiritual_life, frontend/src, frontend/dashboards, docs/release/BUYER_POSITIONING_NOTES.md, docs/release/INVESTOR_DEMO_RUNBOOK.md, docs/release/LIVE_BACKEND_VERIFICATION.json, docs/release/LIVE_BACKEND_VERIFICATION.md"
"release_controls","Release Controls","0","0","0","21","31","35","THIN","docs/release/BRANCH_PROTECTION_EVIDENCE.md, docs/release/BUYER_POSITIONING_NOTES.md, docs/release/FINAL_CLOSEOUT_11_20.md, docs/release/FINAL_CLOSEOUT_21_30.md, docs/release/FINAL_CLOSEOUT_TOP10.md, docs/release/FINAL_INVESTOR_EVIDENCE_INDEX.md, docs/release/FINAL_RELEASE_GATE.md, docs/release/FINAL_SIGNOFF_CHECKLIST.md, docs/release/INVESTOR_DEMO_RUNBOOK.md, docs/release/INVESTOR_REPO_REVIEW_GUIDE.md, docs/release/KNOWN_GAPS_AND_DEFERRED_ITEMS.md, docs/release/LIVE_BACKEND_VERIFICATION.json"
