"module_key","label","proof_score","proof_status","backend_paths","tests","docs","workflows"
"academics_gradebook","Academics Attendance Gradebook","100","STRONG","16","47","19","51"
"admissions_enrollment","Admissions and Enrollment","100","STRONG","6","13","16","41"
"communications_discipline","Communications Discipline Safety","100","STRONG","4","9","10","51"
"dashboards_portals","Dashboards and Portals","100","STRONG","3","9","26","49"
"extended_operations","Extended Operations","100","STRONG","6","11","11","48"
"finance_ledger","Finance Ledger Payments Aid","100","STRONG","11","53","14","40"
"mission_addons","Mission Add-ons","100","STRONG","6","18","25","51"
"platform_core","Platform Core","100","STRONG","5","9","20","31"
"release_controls","Release Controls","35","THIN","0","0","48","31"
