"remote_ref","branch_name","short_sha","committer_date","age_days","merged_to_default","protected_like","has_open_pr","delete_candidate"
"origin/automerge-workflow","automerge-workflow","455e389d","2026-03-16 14:12:15 -0400","25","True","False","False","True"
"origin/chore/canon-tagging-rule","chore/canon-tagging-rule","19595b31","2026-02-08 09:17:34 -0500","61","True","False","False","True"
"origin/ci/proof-add-academics-gradebook-seeds","ci/proof-add-academics-gradebook-seeds","6880fff4","2026-02-11 03:20:52 -0500","59","True","False","False","True"
"origin/ci/proof-add-seed-demo-school","ci/proof-add-seed-demo-school","b914333e","2026-02-11 02:57:08 -0500","59","True","False","False","True"
"origin/ci/proof-demo-credentials","ci/proof-demo-credentials","78b3c1a3","2026-02-11 02:40:08 -0500","59","True","False","False","True"
"origin/ci/proof-demo-password","ci/proof-demo-password","d605b11d","2026-02-11 02:17:32 -0500","59","True","False","False","True"
"origin/ci/proof-gradebook-workflow","ci/proof-gradebook-workflow","3df65287","2026-02-11 02:05:03 -0500","59","True","False","False","True"
"origin/ci/proof-guardrails-canon","ci/proof-guardrails-canon","ecf816f2","2026-02-11 03:05:47 -0500","59","True","False","False","True"
"origin/ci/proof-password-env-var-match","ci/proof-password-env-var-match","1beebe30","2026-02-11 02:48:12 -0500","59","True","False","False","True"
"origin/ci/proof-pr-trigger","ci/proof-pr-trigger","14c41e79","2026-02-11 07:18:41 -0500","58","True","False","False","True"
"origin/ci/proof-seed-fix","ci/proof-seed-fix","cd1459f4","2026-02-11 02:11:45 -0500","59","True","False","False","True"
"origin/ci/proof-token-capture-fix","ci/proof-token-capture-fix","d0b5984d","2026-02-11 02:33:25 -0500","59","True","False","False","True"
"origin/cleanup/remove-temp-diagnostic-endpoints","cleanup/remove-temp-diagnostic-endpoints","1039ffa9","2026-03-06 19:57:59 -0500","35","True","False","False","True"
"origin/commenting-on-pr-issues","commenting-on-pr-issues","65c42467","2026-03-09 21:16:14 -0400","32","True","False","False","True"
"origin/copilot/check-new-reviewer-comment-activity","copilot/check-new-reviewer-comment-activity","812ee88a","2026-03-18 13:36:11 +0000","23","True","False","False","True"
"origin/copilot/gate2b-journal-reversals","copilot/gate2b-journal-reversals","2b8eed77","2026-03-12 19:14:29 -0400","29","True","False","False","True"
"origin/docs/branch-protection-and-playbook","docs/branch-protection-and-playbook","78e98edc","2026-02-11 07:07:41 -0500","58","True","False","False","True"
"origin/docs/branch-protection-procedures","docs/branch-protection-procedures","93ac21b1","2026-02-11 17:43:32 -0500","58","True","False","False","True"
"origin/docs/gradebook-proof-milestone","docs/gradebook-proof-milestone","f6c906f0","2026-02-11 02:00:16 -0500","59","True","False","False","True"
"origin/docs/proof-bundle-20260209","docs/proof-bundle-20260209","4ce7eedf","2026-02-09 04:13:33 -0500","60","True","False","False","True"
"origin/docs/tenant-isolation-canon","docs/tenant-isolation-canon","0aa85810","2026-02-18 19:07:24 -0500","51","True","False","False","True"
"origin/feat/phase4-visual-polish-nav-home","feat/phase4-visual-polish-nav-home","17cefaaf","2026-03-14 13:13:22 -0400","27","True","False","False","True"
"origin/feat/section-assign-wizard","feat/section-assign-wizard","1039ffa9","2026-03-06 19:57:59 -0500","35","True","False","False","True"
"origin/feat/wizard-guardrails","feat/wizard-guardrails","1039ffa9","2026-03-06 19:57:59 -0500","35","True","False","False","True"
"origin/feature/academics-attendance-grades-readonly","feature/academics-attendance-grades-readonly","66bd0aac","2026-01-24 22:08:26 -0500","76","True","False","False","True"
"origin/feature/admissions-links-readonly","feature/admissions-links-readonly","f2b7fa05","2026-01-24 21:57:03 -0500","76","True","False","False","True"
"origin/feature/billing-household-summary-readonly","feature/billing-household-summary-readonly","c4548a9e","2026-01-24 22:30:48 -0500","76","True","False","False","True"
"origin/feature/comms-threads-readonly","feature/comms-threads-readonly","93e70be5","2026-01-24 22:52:21 -0500","76","True","False","False","True"
"origin/feature/households-readonly","feature/households-readonly","daefee36","2026-01-24 20:58:51 -0500","76","True","False","False","True"
"origin/feature/households-scope","feature/households-scope","050cb863","2026-01-24 21:07:59 -0500","76","True","False","False","True"
"origin/feature/identity-person-link","feature/identity-person-link","c079680b","2026-01-24 21:35:11 -0500","76","True","False","False","True"
"origin/feature/scheduling-sections-readonly","feature/scheduling-sections-readonly","fc354e82","2026-01-24 22:40:06 -0500","76","True","False","False","True"
"origin/feature/student-core-readonly","feature/student-core-readonly","0869027f","2026-01-24 21:46:38 -0500","76","True","False","False","True"
"origin/fix/api-proof-token-storage","fix/api-proof-token-storage","af1fca08","2026-02-10 19:48:19 -0500","59","True","False","False","True"
"origin/fix/ci-billing-role","fix/ci-billing-role","ad725023","2026-02-09 03:35:47 -0500","61","True","False","False","True"
"origin/fix/ci-smoke-fa-drilldown-validation","fix/ci-smoke-fa-drilldown-validation","9c6877f6","2026-02-09 04:01:27 -0500","60","True","False","False","True"
"origin/fix/ci-smoke-fa-json-parse","fix/ci-smoke-fa-json-parse","38c4d218","2026-02-09 03:56:11 -0500","60","True","False","False","True"
"origin/fix/ci-smoke-fa-school-header","fix/ci-smoke-fa-school-header","3ad0e176","2026-02-09 03:51:01 -0500","60","True","False","False","True"
"origin/fix/db-database-url","fix/db-database-url","4bf539cf","2026-01-26 23:12:44 -0500","74","True","False","False","True"
"origin/fix/dev-smoke-final-align","fix/dev-smoke-final-align","1569affa","2026-02-08 18:58:16 -0500","61","True","False","False","True"
"origin/fix/dev-smoke-stop-requiring-gp-username","fix/dev-smoke-stop-requiring-gp-username","c178cecb","2026-02-08 19:49:22 -0500","61","True","False","False","True"
"origin/fix/director-role-permission-check","fix/director-role-permission-check","226f7474","2026-02-08 20:55:01 -0500","61","True","False","False","True"
"origin/fix/fa-auth-visible-proof","fix/fa-auth-visible-proof","121c4e35","2026-02-10 18:16:15 -0500","59","True","False","False","True"
"origin/fix/golden-path-syntax","fix/golden-path-syntax","b5637696","2026-02-08 20:11:46 -0500","61","True","False","False","True"
"origin/fix/gp-auth-header-tok","fix/gp-auth-header-tok","47f84ddf","2026-02-08 20:40:02 -0500","61","True","False","False","True"
"origin/fix/gp-remote-seedcontext-ciuser","fix/gp-remote-seedcontext-ciuser","9f36edbc","2026-02-08 20:27:43 -0500","61","True","False","False","True"
"origin/fix/p0-4-smoke-auth-drift-ensure-token","fix/p0-4-smoke-auth-drift-ensure-token","b0643287","2026-02-08 19:27:18 -0500","61","True","False","False","True"
"origin/fix/router-simple-router","fix/router-simple-router","6a0f3dc2","2026-02-08 11:24:01 -0500","61","True","False","False","True"
"origin/fix/smoke-auto-ensure-ci-user","fix/smoke-auto-ensure-ci-user","1dd60974","2026-02-08 18:22:30 -0500","61","True","False","False","True"
"origin/ops/build-sha-health-001","ops/build-sha-health-001","8977e856","2026-02-08 13:36:37 -0500","61","True","False","False","True"
"origin/ops/p0-3-deploy-determinism","ops/p0-3-deploy-determinism","e9483ec0","2026-02-08 14:13:55 -0500","61","True","False","False","True"
"origin/ops/p0-4-ansi-regex-fix","ops/p0-4-ansi-regex-fix","de19d1fe","2026-02-08 18:04:49 -0500","61","True","False","False","True"
"origin/ops/p0-4-smoke-proof","ops/p0-4-smoke-proof","b0e657a2","2026-02-08 14:36:04 -0500","61","True","False","False","True"
"origin/ops/p0-4-smoke-proof-ansi-fix","ops/p0-4-smoke-proof-ansi-fix","f62c6e01","2026-02-08 17:48:49 -0500","61","True","False","False","True"
"origin/ops/p0-4-smoke-proof-final","ops/p0-4-smoke-proof-final","e540a635","2026-02-08 15:24:22 -0500","61","True","False","False","True"
"origin/ops/p0-4-smoke-proof-fix","ops/p0-4-smoke-proof-fix","b5e78e93","2026-02-08 14:43:05 -0500","61","True","False","False","True"
"origin/ops/p0-4-smoke-proof-fix2","ops/p0-4-smoke-proof-fix2","c146ea47","2026-02-08 14:55:40 -0500","61","True","False","False","True"
"origin/ops/p0-4-smoke-proof-fix3","ops/p0-4-smoke-proof-fix3","8360422c","2026-02-08 15:05:31 -0500","61","True","False","False","True"
"origin/pr/academics-spine-ro-contract","pr/academics-spine-ro-contract","fa702c1f","2026-02-08 07:46:50 -0500","61","True","False","False","True"
"origin/pr/chore-ignore-gitleaks-artifacts","pr/chore-ignore-gitleaks-artifacts","30253633","2026-02-08 08:46:54 -0500","61","True","False","False","True"
"origin/proof/api-gradebook-automated","proof/api-gradebook-automated","25ccf55a","2026-02-10 19:28:49 -0500","59","True","False","False","True"
"origin/stabilize/durability-lock","stabilize/durability-lock","4de25e83","2026-02-01 10:03:36 -0500","68","True","False","False","True"
"origin/stabilize/prod-green","stabilize/prod-green","b991e1f0","2026-01-24 20:11:06 -0500","76","True","False","False","True"
"origin/test/proof-dynamic-section-query","test/proof-dynamic-section-query","ac5f201c","2026-02-11 03:13:13 -0500","59","True","False","False","True"
"origin/test/proof-fix-section-id-field","test/proof-fix-section-id-field","226066bd","2026-02-11 03:28:40 -0500","59","True","False","False","True"
"origin/test/proof-ui-dynamic-section","test/proof-ui-dynamic-section","85d5e25f","2026-02-11 03:34:28 -0500","59","True","False","False","True"
