"module_name","path","has_models","has_views","has_urls","has_migrations","has_tests_dir","file_count_total","last_commit_iso"
"academic_year_wizard","backend/academic_year_wizard","True","True","True","True","True","19","2026-03-11T19:08:03-04:00"
"academics","backend/academics","True","True","True","True","True","97","2026-04-09T18:04:51-04:00"
"academics_ro","backend/academics_ro","True","True","True","True","False","25","2026-03-11T19:30:31-04:00"
"admissions","backend/admissions","True","False","False","True","True","49","2026-04-09T18:04:51-04:00"
"advancement","backend/advancement","True","False","True","True","True","89","2026-03-28T19:07:26Z"
"aftercare","backend/aftercare","True","False","True","True","True","38","2026-03-15T18:49:11-04:00"
"aid","backend/aid","True","True","False","True","True","51","2026-04-09T18:04:51-04:00"
"analytics","backend/analytics","True","False","False","True","True","24","2026-04-10T05:28:51-04:00"
"applications","backend/applications","True","True","False","True","True","38","2026-03-15T18:49:11-04:00"
"athletics","backend/athletics","True","False","False","True","True","31","2026-03-11T22:03:18-04:00"
"attendance","backend/attendance","False","False","False","True","True","31","2026-04-09T18:04:51-04:00"
"attendance_codes_wizard","backend/attendance_codes_wizard","True","True","True","True","True","19","2026-02-28T05:20:02-05:00"
"attendance_rules_wizard","backend/attendance_rules_wizard","True","True","True","True","True","19","2026-02-27T13:30:03-05:00"
"audit","backend/audit","True","False","False","True","False","12","2026-02-15T19:30:03-05:00"
"bell_schedule_wizard","backend/bell_schedule_wizard","True","True","True","True","True","21","2026-03-11T21:17:53-04:00"
"billing","backend/billing","True","True","False","True","True","87","2026-04-09T18:04:51-04:00"
"billing_wizard","backend/billing_wizard","True","True","True","True","True","19","2026-03-11T19:08:03-04:00"
"board_oversight","backend/board_oversight","True","True","True","True","True","42","2026-03-11T19:30:31-04:00"
"classroom","backend/classroom","True","True","True","True","True","31","2026-03-11T22:03:18-04:00"
"comms","backend/comms","True","True","True","True","True","57","2026-04-09T18:04:51-04:00"
"comms_wizard","backend/comms_wizard","True","True","True","True","True","19","2026-03-11T19:08:03-04:00"
"compuwerx","backend/compuwerx","False","True","True","False","False","4","2026-04-09T18:04:51-04:00"
"core","backend/core","True","True","True","True","True","147","2026-04-10T05:54:01-04:00"
"course_catalog_wizard","backend/course_catalog_wizard","True","True","True","True","True","19","2026-02-27T19:58:50-05:00"
"crown_api","backend/crown_api","True","True","True","True","True","490","2026-04-10T06:21:37-04:00"
"curricula","backend/curricula","True","True","True","True","True","31","2026-03-11T22:03:18-04:00"
"curriculum","backend/curriculum","True","True","True","True","False","22","2026-03-11T22:03:18-04:00"
"discipline","backend/discipline","True","True","True","True","True","78","2026-04-09T18:04:51-04:00"
"documents","backend/documents","True","False","True","True","False","19","2026-04-09T18:04:51-04:00"
"enrollment","backend/enrollment","False","True","False","False","False","3","2026-04-09T18:04:51-04:00"
"enrollment_conversion_wizard","backend/enrollment_conversion_wizard","True","True","True","True","True","19","2026-02-27T13:30:03-05:00"
"enrollment_period_wizard","backend/enrollment_period_wizard","True","True","True","True","True","19","2026-03-11T19:08:03-04:00"
"facops","backend/facops","True","False","False","True","True","25","2026-03-11T22:03:18-04:00"
"fee_schedule_wizard","backend/fee_schedule_wizard","True","True","True","True","True","19","2026-03-11T19:08:03-04:00"
"ferpa_portal","backend/ferpa_portal","False","True","True","False","False","3","2026-04-09T18:04:51-04:00"
"finance","backend/finance","True","True","False","True","True","41","2026-03-14T08:34:02-04:00"
"finance_setup","backend/finance_setup","True","False","True","True","True","34","2026-03-14T08:34:02-04:00"
"financial_aid","backend/financial_aid","True","True","True","True","True","53","2026-03-15T16:04:28-04:00"
"financial_aid_wizard","backend/financial_aid_wizard","True","True","True","True","True","19","2026-03-11T19:08:03-04:00"
"governance","backend/governance","False","True","True","False","True","24","2026-04-10T05:54:01-04:00"
"grade_scale_wizard","backend/grade_scale_wizard","True","True","True","True","True","19","2026-03-11T21:17:53-04:00"
"grade_weights_wizard","backend/grade_weights_wizard","True","True","True","True","True","19","2026-02-28T05:20:02-05:00"
"gradebook","backend/gradebook","True","True","True","True","True","57","2026-03-11T22:03:18-04:00"
"gradebook_setup_wizard","backend/gradebook_setup_wizard","True","True","True","True","True","19","2026-02-27T13:30:03-05:00"
"graduation","backend/graduation","True","True","True","True","False","24","2026-02-26T19:33:35-05:00"
"guardian_household_wizard","backend/guardian_household_wizard","True","True","True","True","True","19","2026-02-28T05:20:02-05:00"
"households","backend/households","True","True","True","True","True","37","2026-03-11T22:03:18-04:00"
"hr","backend/hr","True","True","True","True","False","20","2026-04-09T18:04:51-04:00"
"imports","backend/imports","True","True","True","True","False","28","2026-04-09T18:04:51-04:00"
"integrations","backend/integrations","True","True","True","True","True","51","2026-04-09T18:04:51-04:00"
"integrations_real","backend/integrations_real","True","False","True","True","False","17","2026-02-23T22:19:50-05:00"
"invoice_run_wizard","backend/invoice_run_wizard","True","True","True","True","True","19","2026-02-27T13:30:03-05:00"
"journal","backend/journal","True","True","False","True","True","23","2026-02-25T17:57:39-05:00"
"ledger","backend/ledger","True","True","False","True","True","83","2026-03-15T16:04:28-04:00"
"messaging","backend/messaging","True","True","True","False","False","8","2026-04-09T18:04:51-04:00"
"msauth","backend/msauth","False","True","True","False","False","8","2026-02-26T19:33:35-05:00"
"onboarding","backend/onboarding","True","True","True","True","True","38","2026-04-10T05:54:01-04:00"
"outreach","backend/outreach","True","False","False","True","True","29","2026-04-09T18:04:51-04:00"
"payments","backend/payments","True","False","False","True","True","85","2026-03-16T05:24:52Z"
"pdhub","backend/pdhub","True","False","True","True","True","22","2026-04-09T18:04:51-04:00"
"platform_ops","backend/platform_ops","True","True","True","True","False","16","2026-03-15T16:04:28-04:00"
"portrait","backend/portrait","True","True","True","True","True","28","2026-04-09T18:04:51-04:00"
"promotion_wizard","backend/promotion_wizard","True","True","True","True","True","19","2026-02-27T19:58:50-05:00"
"reenrollment","backend/reenrollment","True","True","True","True","True","19","2026-03-11T19:08:03-04:00"
"release_closure","backend/release_closure","False","False","True","False","False","10","2026-04-09T18:04:51-04:00"
"room_setup_wizard","backend/room_setup_wizard","True","True","True","True","True","19","2026-02-27T19:58:50-05:00"
"safety","backend/safety","True","False","True","True","False","19","2026-03-11T22:03:18-04:00"
"scheduling_wizard","backend/scheduling_wizard","True","True","True","True","True","19","2026-03-11T19:08:03-04:00"
"school_subscriptions","backend/school_subscriptions","True","True","True","True","False","21","2026-04-09T18:04:51-04:00"
"section_assign_wizard","backend/section_assign_wizard","True","True","True","True","True","19","2026-03-11T19:02:16-04:00"
"section_scheduler_wizard","backend/section_scheduler_wizard","True","True","True","True","True","21","2026-03-11T19:02:16-04:00"
"section_staffing_wizard","backend/section_staffing_wizard","True","True","True","True","True","19","2026-02-28T05:20:02-05:00"
"servicehours","backend/servicehours","True","True","False","True","True","37","2026-04-09T18:04:51-04:00"
"signals","backend/signals","True","False","True","True","True","36","2026-03-11T18:03:51-04:00"
"spiritual_life","backend/spiritual_life","True","False","False","True","True","33","2026-04-10T06:21:37-04:00"
"staff_onboarding_wizard","backend/staff_onboarding_wizard","True","True","True","True","True","19","2026-03-11T19:08:03-04:00"
"staff_setup_wizard","backend/staff_setup_wizard","True","True","True","True","True","19","2026-02-27T19:58:50-05:00"
"student_import_wizard","backend/student_import_wizard","True","True","True","True","True","19","2026-02-28T05:20:02-05:00"
"student_records","backend/student_records","True","True","True","True","True","23","2026-04-09T18:04:51-04:00"
"student360","backend/student360","True","True","False","True","True","23","2026-03-11T19:30:31-04:00"
"subscriptions","backend/subscriptions","True","True","True","True","True","48","2026-03-31T14:43:44-04:00"
"support","backend/support","True","False","False","True","False","16","2026-03-11T19:08:03-04:00"
"tenants","backend/tenants","True","False","False","True","False","14","2026-02-28T10:03:25-05:00"
"term_structure_wizard","backend/term_structure_wizard","True","True","True","True","True","19","2026-03-11T19:30:31-04:00"
"transportation","backend/transportation","True","False","False","True","True","27","2026-04-09T18:04:51-04:00"
