"name","path","size_bytes","has_workflow_dispatch","has_push","has_pull_request","has_schedule","has_proof","last_commit_iso"
"azure-drift-watchdog.yml",".github/workflows/azure-drift-watchdog.yml","8406","True","False","False","True","False","2026-03-06T19:57:08-05:00"
"backend-gate.yml",".github/workflows/backend-gate.yml","1476","False","True","True","False","True","2026-03-12T18:55:07-04:00"
"backend-shell-seeded-proof.yml",".github/workflows/backend-shell-seeded-proof.yml","1961","True","True","True","False","True","2026-03-14T21:17:50-04:00"
"backend-shell-write-and-lifecycle-proof.yml",".github/workflows/backend-shell-write-and-lifecycle-proof.yml","3469","True","True","True","False","True","2026-03-14T21:20:07-04:00"
"ci.yml",".github/workflows/ci.yml","5768","False","True","True","False","False","2026-04-03T17:38:43Z"
"ci-meta-gate-authoring.yml",".github/workflows/ci-meta-gate-authoring.yml","830","False","False","True","False","True","2026-03-12T18:55:07-04:00"
"contract-gate.yml",".github/workflows/contract-gate.yml","3037","False","True","True","False","True","2026-03-12T18:55:07-04:00"
"crown-magus0-gate.yml",".github/workflows/crown-magus0-gate.yml","12871","True","True","True","False","True","2026-03-12T18:55:07-04:00"
"dashboards-build-gate.yml",".github/workflows/dashboards-build-gate.yml","2394","False","True","True","False","True","2026-03-12T19:01:05-04:00"
"demo-contract-freeze.yml",".github/workflows/demo-contract-freeze.yml","578","False","True","True","False","False","2026-03-12T18:55:07-04:00"
"demo-reset.yml",".github/workflows/demo-reset.yml","2210","True","False","False","False","False","2026-03-14T20:55:56-04:00"
"demo-reset-smoke.yml",".github/workflows/demo-reset-smoke.yml","2675","True","False","False","False","True","2026-03-12T18:55:07-04:00"
"dependency-audit.yml",".github/workflows/dependency-audit.yml","1054","False","True","True","False","False","2026-04-03T18:51:20Z"
"dependency-review.yml",".github/workflows/dependency-review.yml","290","False","False","True","False","False","2026-04-04T15:12:19Z"
"dependency-scan.yml",".github/workflows/dependency-scan.yml","2500","False","True","True","True","False","2026-03-12T18:55:07-04:00"
"deploy-dashboard.yml",".github/workflows/deploy-dashboard.yml","4938","False","True","False","False","True","2026-03-12T18:55:07-04:00"
"deploy-dev.yml",".github/workflows/deploy-dev.yml","7200","True","True","False","False","True","2026-03-12T18:55:07-04:00"
"deploy-integrity-proof.yml",".github/workflows/deploy-integrity-proof.yml","1009","True","False","False","False","True","2026-03-12T18:55:07-04:00"
"deploy-prod.yml",".github/workflows/deploy-prod.yml","15614","False","True","False","False","True","2026-03-28T16:17:09Z"
"deploy-prod-dispatch.yml",".github/workflows/deploy-prod-dispatch.yml","14152","True","True","False","False","True","2026-03-28T16:17:09Z"
"dev-smoke.yml",".github/workflows/dev-smoke.yml","4699","True","False","False","False","True","2026-03-12T18:55:07-04:00"
"dev-smoke-azure-dev.yml",".github/workflows/dev-smoke-azure-dev.yml","3217","True","False","False","False","True","2026-03-14T13:13:22-04:00"
"frontend-shell-certification.yml",".github/workflows/frontend-shell-certification.yml","1751","True","True","True","False","False","2026-03-14T19:48:54-04:00"
"gradebookro-ui-gate.yml",".github/workflows/gradebookro-ui-gate.yml","819","False","True","True","False","True","2026-03-12T18:55:07-04:00"
"lockdown-golden-path-gate.yml",".github/workflows/lockdown-golden-path-gate.yml","12841","True","True","True","False","True","2026-03-16T05:45:31Z"
"migration-lock-gate.yml",".github/workflows/migration-lock-gate.yml","1356","False","True","True","False","True","2026-03-12T18:55:07-04:00"
"ops-reset-dev.yml",".github/workflows/ops-reset-dev.yml","991","True","False","False","False","False","2026-02-01T11:26:40-05:00"
"phase1-gate.yml",".github/workflows/phase1-gate.yml","374","True","False","True","False","True","2026-03-12T18:55:07-04:00"
"phase3-demo-proof-pack.yml",".github/workflows/phase3-demo-proof-pack.yml","404","True","False","True","False","True","2026-03-12T18:55:07-04:00"
"phase3-runtime-proof.yml",".github/workflows/phase3-runtime-proof.yml","2550","True","False","True","False","True","2026-04-03T17:38:43Z"
"phase4-gradebook-demo-proof.yml",".github/workflows/phase4-gradebook-demo-proof.yml","2287","True","False","True","False","True","2026-03-12T18:55:07-04:00"
"prod-health-watch.yml",".github/workflows/prod-health-watch.yml","2554","True","False","False","True","True","2026-04-03T17:38:43Z"
"prod-integrity-proof.yml",".github/workflows/prod-integrity-proof.yml","4039","True","False","False","True","True","2026-03-12T18:55:07-04:00"
"proof-ceremony.yml",".github/workflows/proof-ceremony.yml","6870","True","True","True","False","True","2026-04-03T17:38:43Z"
"proof-ceremony-after-prod.yml",".github/workflows/proof-ceremony-after-prod.yml","3223","False","False","False","False","True","2026-03-12T18:55:07-04:00"
"proof-ceremony-prod.yml",".github/workflows/proof-ceremony-prod.yml","1445","True","False","False","False","True","2026-03-12T18:55:07-04:00"
"proof-gradebook.yml",".github/workflows/proof-gradebook.yml","9118","True","False","True","False","True","2026-03-15T15:56:04-04:00"
"pytest-gate.yml",".github/workflows/pytest-gate.yml","1155","False","True","True","False","True","2026-03-12T18:55:07-04:00"
"rc-build-sha-proof.yml",".github/workflows/rc-build-sha-proof.yml","2457","True","True","False","False","True","2026-03-12T18:55:07-04:00"
"rc-gate.yml",".github/workflows/rc-gate.yml","2772","False","True","True","False","True","2026-03-12T18:55:07-04:00"
"rc-promotion-gate.yml",".github/workflows/rc-promotion-gate.yml","4380","False","False","True","False","True","2026-03-12T18:55:07-04:00"
"rc-runbook.yml",".github/workflows/rc-runbook.yml","1302","False","True","True","False","False","2026-03-12T18:55:07-04:00"
"rc-tier1-deployed-smoke.yml",".github/workflows/rc-tier1-deployed-smoke.yml","3656","True","True","True","False","True","2026-03-12T18:55:07-04:00"
"routes-gate.yml",".github/workflows/routes-gate.yml","576","False","True","True","False","True","2026-03-12T18:55:07-04:00"
"secret-scan.yml",".github/workflows/secret-scan.yml","2452","False","True","True","False","False","2026-04-03T17:38:43Z"
"shell-backend-contract-parity.yml",".github/workflows/shell-backend-contract-parity.yml","2460","True","True","True","False","False","2026-03-14T19:56:41-04:00"
"spine-audit.yml",".github/workflows/spine-audit.yml","2495","False","True","True","False","False","2026-04-03T17:38:43Z"
"stale-branches.yml",".github/workflows/stale-branches.yml","2345","True","False","False","True","True","2026-04-04T15:37:32Z"
"system-health.yml",".github/workflows/system-health.yml","3324","True","False","False","False","True","2026-03-12T18:55:07-04:00"
"tests.yml",".github/workflows/tests.yml","1617","False","True","True","False","False","2026-04-03T17:38:43Z"
"ui-proof-gate.yml",".github/workflows/ui-proof-gate.yml","1340","True","False","True","False","True","2026-03-12T18:55:07-04:00"
"ui-proof-gates.yml",".github/workflows/ui-proof-gates.yml","3133","True","False","True","False","True","2026-03-12T18:55:07-04:00"
"ui-shell-gate.yml",".github/workflows/ui-shell-gate.yml","840","False","True","True","False","True","2026-03-12T18:55:07-04:00"
