"Priority","Area","Issue","Owner","Evidence","RequiredFix","Status"
"P0","Security","295 possible secret hits -- TRIAGED. 1 real fix applied (create_superuser.py). All others test fixtures or env-var reads.","Dev 5","C:\w\crown_main_postmerge_verify\audit-artifacts\nonazure-phase2-validation\20260430_024221\22b_secret_scan_triage.csv","DONE. Set DJANGO_SUPERUSER_PASSWORD env var in deployment to override default.","RESOLVED"
"P0","Deployment","AZURE_SWA_TOKEN missing as repo secret.","Azure admin","GitHub Settings > Secrets and variables > Actions","Add AZURE_SWA_TOKEN from Azure Portal > Static Web Apps > crown-dash > Manage deployment token.","Open"
"P0","Deployment","AZURE_CREDENTIALS missing from production environment.","Azure admin","GitHub Settings > Environments > production > Secrets","Add AZURE_CREDENTIALS (Service Principal JSON) to production env secrets.","Open"
"P0","Deployment","Frontend HTTP 404 -- crown-dash not deployed.","Azure admin","curl.exe https://crown-dash.azurestaticapps.net/","Fix AZURE_SWA_TOKEN then rerun workflow 25139353897.","Open"
"P1","UI/Product","331 placeholder hits -- TRIAGED. 1 real fix: transcript MVP notes removed. 98 form attributes safe. 30+ test files safe. See 20b triage.","Dev 4 / Dev 5","C:\w\crown_main_postmerge_verify\audit-artifacts\nonazure-phase2-validation\20260430_024221\20b_placeholder_scan_triage.csv","PARTIALLY RESOLVED. Dev 4 to confirm: (a) SeatingAdminPage default layout, (b) AcademicsDashboard Attendance coming-soon button acceptable for sandbox.","PARTIAL"
"P1","UI Polish","52 anti-pattern hits -- TRIAGED. 9 fixed (accent:navy->royal). 8 dev-gated console.logs safe. 25 test files safe. 3 playwright safe.","Dev 4","C:\w\crown_main_postmerge_verify\audit-artifacts\nonazure-phase2-validation\20260430_024221\21b_ui_antipattern_triage.csv","PARTIALLY RESOLVED. Dev 4 to review: (a) LoginPage dark-navy gradient -- intentional brand or convert to light? (b) BillingDashboard 1 remaining hit.","PARTIAL"
"P1","Accessibility","514 accessibility review hits.","Dev 4","C:\w\crown_main_postmerge_verify\audit-artifacts\nonazure-production-readiness\20260430_022540\26_accessibility_review.csv","Fix critical (blocking) a11y items. Mark acceptable deferred items. Run axe-core or Playwright a11y check to identify WCAG 2.1 AA violations.","Open"
"P2","Validation","npm run lint + lint:fix produced minimal output.","Dev 5","C:\w\crown_main_postmerge_verify\audit-artifacts\nonazure-phase2-validation\20260430_024221\validation_Frontend_Node_5.txt","VERIFIED: ESLint reports zero errors/warnings in clean shell. RESOLVED.","RESOLVED"
"P2","Backend","python manage.py check returned 0 issues.","Dev 1","C:\w\crown_main_postmerge_verify\audit-artifacts\nonazure-phase2-validation\20260430_024221\validation_Backend_Django_18.txt","VERIFIED: Re-run after create_superuser.py + transcript_views.py fixes -- still 0 issues. RESOLVED.","RESOLVED"
