"Lane","MaxPoints","EarnedPoints","Status","Evidence","Notes"
"Repo hygiene","50","0","FAIL","C:\w\crown_main_postmerge_verify\audit-artifacts\judgment-day-gauntlet\20260501_131601\01_git_status_short.txt","Worktree has uncommitted changes."
"Local validation","100","100","PASS","C:\w\crown_main_postmerge_verify\audit-artifacts\judgment-day-gauntlet\20260501_131601\10_validation_results.csv","All detected validation commands passed."
"Security secret scan","100","100","PASS","C:\w\crown_main_postmerge_verify\audit-artifacts\execution-control-room\20260501_022123\22b_security_triage_report.md","Prior triage report shows zero real hardcoded production secrets."
"Tenant isolation static scan","75","45","REVIEW","C:\w\crown_main_postmerge_verify\audit-artifacts\judgment-day-gauntlet\20260501_131601\24_tenant_risk_scan.csv","212 tenant risk hits require review."
"RBAC static scan","50","50","PASS","C:\w\crown_main_postmerge_verify\audit-artifacts\judgment-day-gauntlet\20260501_131601\25_permission_signal_scan.csv","Permission/RBAC signals found."
"UI/routes/dashboard/wizard static scan","100","40","REVIEW","C:\w\crown_main_postmerge_verify\audit-artifacts\judgment-day-gauntlet\20260501_131601\21_placeholder_incomplete_scan.csv; C:\w\crown_main_postmerge_verify\audit-artifacts\judgment-day-gauntlet\20260501_131601\22_ui_risk_scan.csv; C:\w\crown_main_postmerge_verify\audit-artifacts\judgment-day-gauntlet\20260501_131601\26_route_inventory.csv; C:\w\crown_main_postmerge_verify\audit-artifacts\judgment-day-gauntlet\20260501_131601\27_dashboard_inventory.csv","No major UI static scan blockers."
"Deployment integrity read-only probe","100","100","PASS","C:\w\crown_main_postmerge_verify\audit-artifacts\judgment-day-gauntlet\20260501_131601\32_deployment_probe_summary.txt","Backend status=200; backend SHA match=True; frontend status=200; build.json status=200; frontend SHA match=True."
"Browser smoke","100","100","PASS","C:\w\crown_main_postmerge_verify\audit-artifacts\judgment-day-gauntlet\20260501_131601\40_browser_smoke.txt","Root load, visible body, and console-error smoke."
"Safe load probe","50","50","PASS","C:\w\crown_main_postmerge_verify\audit-artifacts\judgment-day-gauntlet\20260501_131601\51_safe_load_summary.txt","Read-only backend health probe."
"Required runtime proof matrix","175","0","MANUAL_REQUIRED","C:\w\crown_main_postmerge_verify\audit-artifacts\judgment-day-gauntlet\20260501_131601\60_required_runtime_proof_matrix.csv","Runtime proof rows pending: 26 of 26."
"Evidence/operations completeness","100","100","PASS","C:\w\crown_main_postmerge_verify\audit-artifacts\judgment-day-gauntlet\20260501_131601","Expected gauntlet evidence files generated."
