"Path","Signal","Line","Snippet"
"01_backend_full_gate.ps1","content","19","$Log = Join-Path $Out ""backend_pytest_full_gate_$RunStamp.txt"""
"01_backend_full_gate.ps1","content","20","$PytestLog = Join-Path $Out ""backend_pytest_full_gate_raw_$RunStamp.txt"""
"01_backend_full_gate.ps1","content","21","$PytestErrLog = Join-Path $Out ""backend_pytest_full_gate_err_$RunStamp.txt"""
"01_backend_full_gate.ps1","content","38","Set-Location ""$Root\backend"""
"01_backend_full_gate.ps1","content","113","""BACKEND_GATE=PASS"" | Add-Content $Log"
"01_backend_full_gate.ps1","content","115","""BACKEND_GATE=FAIL"" | Add-Content $Log"
"95_ATTESTATION_MATRIX_20260521.md","content","11","- Backlog noise gates are PASS (open PR backlog and open issue backlog are both clear)."
"95_ATTESTATION_MATRIX_20260521.md","content","24","| Noise | Open PR backlog | <= allowable threshold (zero target) | PASS gate: No open PRs | PASS | audit-artifacts/release-closeout-proof/20260521-175212/release-closeout-scorecard.md |"
"95_ATTESTATION_MATRIX_20260521.md","content","25","| Noise | Open issue backlog | <= allowable threshold (zero target) | PASS gate: No open issues | PASS | audit-artifacts/release-closeout-proof/20260521-175212/release-closeout-scorecard.md |"
"95_ATTESTATION_MATRIX_20260521.md","content","48","- Open PR backlog PASS"
"95_ATTESTATION_MATRIX_20260521.md","content","49","- Open issue backlog PASS"
"25_MAJOR_PRIORITIES_COMPLETE_AUDIT.md","content","23","- Lock backend settings.py/urls.py (line-ending only, safe to leave)"
"25_MAJOR_PRIORITIES_COMPLETE_AUDIT.md","content","104","- This guide tells you whether to proceed or rollback"
"25_MAJOR_PRIORITIES_COMPLETE_AUDIT.md","content","132","- Lists rollback triggers"
"25_MAJOR_PRIORITIES_COMPLETE_AUDIT.md","content","170","- Backup/recovery procedure: Tested and documented"
"25_MAJOR_PRIORITIES_COMPLETE_AUDIT.md","content","180","- Confirm they can manage rollback if needed"
"25_MAJOR_PRIORITIES_COMPLETE_AUDIT.md","content","190","- Rollback procedure: Tested, documented, dry-run completed"
"25_MAJOR_PRIORITIES_COMPLETE_AUDIT.md","content","191","- Rollback triggers: Decision matrix created (what causes rollback)"
"25_MAJOR_PRIORITIES_COMPLETE_AUDIT.md","content","212","### 19. Test rollback procedure end-to-end"
"25_MAJOR_PRIORITIES_COMPLETE_AUDIT.md","content","215","- Rollback procedure written (steps to revert to pre-pilot state)"
"25_MAJOR_PRIORITIES_COMPLETE_AUDIT.md","content","218","- Rollback owner confirmed (who executes rollback if needed)"
"25_MAJOR_PRIORITIES_COMPLETE_AUDIT.md","content","219","- Rollback triggers validated (what situations require rollback)"
"25_MAJOR_PRIORITIES_COMPLETE_AUDIT.md","content","220","**My role:** Create rollback procedure template, verify test results"
"25_MAJOR_PRIORITIES_COMPLETE_AUDIT.md","content","254","- Decision escalation: Who decides to rollback vs continue"
"25_MAJOR_PRIORITIES_COMPLETE_AUDIT.md","content","264","- Founder accepts rollback risks and triggers"
"25_MAJOR_PRIORITIES_COMPLETE_AUDIT.md","content","293","- Go/No-Go for GA (next step after pilot closes)"
"25_MAJOR_PRIORITIES_COMPLETE_AUDIT.md","content","328","## NEXT MOVE"
"AFTERCARE_DAYCARE_VERIFICATION_SUMMARY.md","content","7","## Full Production-Gate Verification (Steps 01ΓÇô07)"
"AFTERCARE_DAYCARE_VERIFICATION_SUMMARY.md","content","9","| Step | Check | Result |"
"AFTERCARE_DAYCARE_VERIFICATION_SUMMARY.md","content","14","| 04 | Backend pytest ΓÇö 17/17 tests pass | Γ£à PASS |"
"AFTERCARE_DAYCARE_VERIFICATION_SUMMARY.md","content","19","### Step 04 detail ΓÇö 17 backend tests"
"AFTERCARE_DAYCARE_VERIFICATION_SUMMARY.md","content","27","### Step 05 detail ΓÇö frontend build"
"AFTERCARE_DAYCARE_VERIFICATION_SUMMARY.md","content","33","### Step 06 detail ΓÇö API endpoints (10/10)"
"AFTERCARE_DAYCARE_VERIFICATION_SUMMARY.md","content","35","PASS: config/ PASS: wizard/setup/"
"AFTERCARE_DAYCARE_VERIFICATION_SUMMARY.md","content","42","### Step 07 detail ΓÇö frontend surface"
"AFTERCARE_DAYCARE_VERIFICATION_SUMMARY.md","content","54","| PASS | backend/aftercare app | backend\aftercare |"
"AFTERCARE_DAYCARE_VERIFICATION_SUMMARY.md","content","55","| PASS | models.py | backend\aftercare\models.py |"
"AFTERCARE_DAYCARE_VERIFICATION_SUMMARY.md","content","56","| PASS | api.py | backend\aftercare\api.py |"
"AFTERCARE_DAYCARE_VERIFICATION_SUMMARY.md","content","57","| PASS | urls.py | backend\aftercare\urls.py |"
"AFTERCARE_DAYCARE_VERIFICATION_SUMMARY.md","content","58","| PASS | services.py | backend\aftercare\services.py |"
"AFTERCARE_DAYCARE_VERIFICATION_SUMMARY.md","content","59","| PASS | wizard_api.py | backend\aftercare\wizard_api.py |"
"AFTERCARE_DAYCARE_VERIFICATION_SUMMARY.md","content","60","| PASS | serializers.py | backend\aftercare\serializers.py |"
"AFTERCARE_DAYCARE_VERIFICATION_SUMMARY.md","content","61","| PASS | tenant.py | backend\aftercare\tenant.py |"
"AFTERCARE_DAYCARE_VERIFICATION_SUMMARY.md","content","62","| PASS | tests.py | backend\aftercare\tests.py |"
"AFTERCARE_DAYCARE_VERIFICATION_SUMMARY.md","content","63","| PASS | migrations dir | backend\aftercare\migrations |"
"AFTERCARE_DAYCARE_VERIFICATION_SUMMARY.md","content","66","| PASS | AftercareSetupWizard.jsx | frontend\dashboards\src\pages\wizards\AftercareSetupWizard.jsx |"
"AFTERCARE_DAYCARE_VERIFICATION_SUMMARY.md","content","68","| PASS | aftercare in api_v1_urls.py | backend/crown_api/api_v1_urls.py |"
"AFTERCARE_DAYCARE_VERIFICATION_SUMMARY.md","content","72","| PASS | no backend/daycare app | backend/daycare must not exist |"
"AFTERCARE_DAYCARE_VERIFICATION_SUMMARY.md","content","81","- [x] backend/aftercare preserved (no rename, no daycare duplicate)"
"AFTERCARE_DAYCARE_VERIFICATION_SUMMARY.md","content","83","- [x] RBAC: require_role() in api.py; require_admin() in wizard_api.py"
"AFTERCARE_DAYCARE_VERIFICATION_SUMMARY.md","content","84","- [x] Frontend routes wired: AFTERCARE_ROSTER + WIZARD_AFTERCARE_SETUP"
"AFTERCARE_DAYCARE_VERIFICATION_SUMMARY.md","content","86","- [x] Tests: backend/aftercare/tests.py covers compute_late_fee, checkin/checkout, incident, tenant isolation"
"ADMISSIONS_SANDBOX_SCENARIO_MATRIX_20260522.md","content","27","| Scenario ID | School | Role | Objective | Preconditions | Steps | Expected Result | Audit Evidence |"
"ADMISSIONS_SANDBOX_SCENARIO_MATRIX_20260522.md","content","30","| ADM-SBX-02 | DS-02 | Registrar | Validate conversion wizard end-to-end commit and verify | Accepted applicants seeded for current year; registrar has admissions.edit | Create session, configure year/status, load applicants, commit with confirm, verify | Session transitions DRAFT -> CONFIGURED -> APPLICANTS_LOADED -> COMMITTED -> VERIFIED; enrolled counts increase | API response payloads for each transition + before/after applicant status export |"
"ADMISSIONS_SANDBOX_SCENARIO_MATRIX_20260522.md","content","33","| ADM-SBX-05 | DS-05 | Admissions Director | Validate funnel conversion KPI consistency | Known seeded values for inquiry/submitted/accepted/enrolled | Compare dashboard conversion percentages to seeded source-of-truth dataset | KPI percentages match rounded expected values | KPI screenshot + seed-data reference sheet |"
"ADMISSIONS_SANDBOX_SCENARIO_MATRIX_20260522.md","content","35","| ADM-SBX-07 | DS-07 | System Admin | Validate high-volume timeline activity fallback | Timeline seeded > 20 events; then timeline service degraded | Load dashboard twice (live then degraded) | Activities panel shows top timeline events when live, deterministic fallback strings when degraded | Dual screenshots + timestamped request logs |"
"ADMISSIONS_SANDBOX_SCENARIO_MATRIX_20260522.md","content","43","- SCENARIOID_schoolid_step_timestamp.png"
"APPLY_WIRING_VERIFICATION_PACK.ps1","content","231","$playwrightWiringProof = @'"
"APPLY_WIRING_VERIFICATION_PACK.ps1","content","232","import { test, expect, Page } from ""@playwright/test"";"
"APPLY_WIRING_VERIFICATION_PACK.ps1","content","237","const DEMO_EMAIL = process.env.DEMO_EMAIL || ""playwright@crown-demo.local"";"
"APPLY_WIRING_VERIFICATION_PACK.ps1","content","238","const DEMO_PASSWORD = process.env.DEMO_PASSWORD || ""PlaywrightDemo1!"";"
"APPLY_WIRING_VERIFICATION_PACK.ps1","content","251","const artifactsDir = path.resolve(process.cwd(), ""artifacts"", ""wiring-proof"", ""playwright"");"
"APPLY_WIRING_VERIFICATION_PACK.ps1","content","257","expect(body, `${routeName}: should not show application error`).not.toMatch(/Application Error/i);"
"APPLY_WIRING_VERIFICATION_PACK.ps1","content","258","expect(body, `${routeName}: should not show debug overlay`).not.toMatch(/DevJwtPanel/i);"
"APPLY_WIRING_VERIFICATION_PACK.ps1","content","259","expect(body, `${routeName}: should not show 404`).not.toMatch(/\b404\b|Not Found/i);"
"APPLY_WIRING_VERIFICATION_PACK.ps1","content","260","expect(body, `${routeName}: should not show auth failure`).not.toMatch(/\b401\b|Unauthorized|Invalid credentials/i);"
"APPLY_WIRING_VERIFICATION_PACK.ps1","content","273","const submit = page.getByRole(""button"", { name: /sign in|log in|login|continue/i }).first();"
"APPLY_WIRING_VERIFICATION_PACK.ps1","content","275","await expect(email).toBeVisible({ timeout: 15000 });"
"APPLY_WIRING_VERIFICATION_PACK.ps1","content","276","await expect(password).toBeVisible({ timeout: 15000 });"
"APPLY_WIRING_VERIFICATION_PACK.ps1","content","280","await submit.click();"
"APPLY_WIRING_VERIFICATION_PACK.ps1","content","282","await expect(page).toHaveURL(/\/admin(?:[/?#]|$)/, { timeout: 15000 });"
"APPLY_WIRING_VERIFICATION_PACK.ps1","content","299","expect(response, `${route.path}: response should exist`).not.toBeNull();"
"APPLY_WIRING_VERIFICATION_PACK.ps1","content","300","expect(response!.status(), `${route.path}: status should be < 400`).toBeLessThan(400);"
"APPLY_WIRING_VERIFICATION_PACK.ps1","content","327","Write-Host ""==> Starting backend on :8000"""
"APPLY_WIRING_VERIFICATION_PACK.ps1","content","346","Write-Host ""Default demo login: playwright@crown-demo.local / PlaywrightDemo1!"""
"APPLY_WIRING_VERIFICATION_PACK.ps1","content","358","function Write-Step([string]$msg) {"
"APPLY_WIRING_VERIFICATION_PACK.ps1","content","375","Write-Step ""Django sanity"""
"APPLY_WIRING_VERIFICATION_PACK.ps1","content","380","Write-Step ""Frontend route wiring"""
"APPLY_WIRING_VERIFICATION_PACK.ps1","content","383","Write-Step ""Tenant isolation test suite"""
"APPLY_WIRING_VERIFICATION_PACK.ps1","content","389","Write-Step ""Golden path test suite"""
"APPLY_WIRING_VERIFICATION_PACK.ps1","content","395","Write-Step ""HTTP health and docs surface"""
"APPLY_WIRING_VERIFICATION_PACK.ps1","content","398","Write-Step ""Playwright route and login smoke"""
"APPLY_WIRING_VERIFICATION_PACK.ps1","content","401","$env:DEMO_EMAIL = if ($env:DEMO_EMAIL) { $env:DEMO_EMAIL } else { ""playwright@crown-demo.local"" }"
"APPLY_WIRING_VERIFICATION_PACK.ps1","content","402","$env:DEMO_PASSWORD = if ($env:DEMO_PASSWORD) { $env:DEMO_PASSWORD } else { ""PlaywrightDemo1!"" }"
"APPLY_WIRING_VERIFICATION_PACK.ps1","content","403","Invoke-Checked { npx playwright test tests/wiring-proof.spec.ts --reporter=line } ""Playwright wiring proof failed"""
"APPLY_WIRING_VERIFICATION_PACK.ps1","content","406","Write-Step ""Summary"""
"APPLY_WIRING_VERIFICATION_PACK.ps1","content","420","- frontend\dashboards\artifacts\wiring-proof\playwright\*.png"
"APPLY_WIRING_VERIFICATION_PACK.ps1","content","456","Write-FileUtf8 ""frontend/dashboards/tests/wiring-proof.spec.ts"" $playwrightWiringProof"
"APPLY_WIRING_VERIFICATION_PACK.ps1","content","464","Write-Host ""Next commands:"""
"APPLY_WIRING_VERIFICATION_PACK.ps1","content","488","frontend\dashboards\artifacts\wiring-proof\playwright\"
"APPLY_WIRING_VERIFICATION_PACK.ps1","content","493","backend sanity"
"APPLY_WIRING_VERIFICATION_PACK.ps1","content","499","After you run it, paste the first failing artifact back here and I will give you the exact fix code for that failure only."
"AUTH_PROOF.md","content","4","**Implementation:** Token validation, JWT verification, user context propagation"
"AUTHORITY_REVIEW_PACKAGE.md","content","5","3. Γ£à NEXT_20_PRIORITIES_EXECUTION_COMPLETE.md - Second 20 priorities"
"AUTHORITY_REVIEW_PACKAGE.md","content","17","- Inventory validation: Γ£à 990 surfaces covered"
"APPLY_DEMO_PROOF_FIXES.ps1","content","301","playwright_password = os.getenv(""CROWN_DEMO_PLAYWRIGHT_PASSWORD"", ""PlaywrightDemo1!"")"
"APPLY_DEMO_PROOF_FIXES.ps1","content","370","email=""playwright@crown-demo.local"","
"APPLY_DEMO_PROOF_FIXES.ps1","content","371","password=playwright_password,"
"APPLY_DEMO_PROOF_FIXES.ps1","content","393","self.stdout.write(f"" playwright@crown-demo.local / {playwright_password}"")"
"APPLY_DEMO_PROOF_FIXES.ps1","content","396","self.stdout.write(""Use existing billing/attendance/analytics seed paths next if those modules require richer domain fixtures."")"
"APPLY_DEMO_PROOF_FIXES.ps1","content","416","background: ""linear-gradient(90deg, #7c3aed 0%, #1d4ed8 100%)"","
"APPLY_DEMO_PROOF_FIXES.ps1","content","462","background: item.bg,"
"APPLY_DEMO_PROOF_FIXES.ps1","content","631","$playwrightDemoSmoke = @'"
"APPLY_DEMO_PROOF_FIXES.ps1","content","632","import { test, expect, Page } from ""@playwright/test"";"
"APPLY_DEMO_PROOF_FIXES.ps1","content","637","const DEMO_EMAIL = process.env.DEMO_EMAIL || ""playwright@crown-demo.local"";"
"APPLY_DEMO_PROOF_FIXES.ps1","content","638","const DEMO_PASSWORD = process.env.DEMO_PASSWORD || ""PlaywrightDemo1!"";"
"APPLY_DEMO_PROOF_FIXES.ps1","content","651","const artifactsDir = path.resolve(process.cwd(), ""artifacts"", ""demo-proof"", ""playwright"");"
"APPLY_DEMO_PROOF_FIXES.ps1","content","658","expect(body, `${routeName}: should not show application error`).not.toMatch(/Application Error/i);"
"APPLY_DEMO_PROOF_FIXES.ps1","content","659","expect(body, `${routeName}: should not show debug overlay`).not.toMatch(/DevJwtPanel/i);"
"APPLY_DEMO_PROOF_FIXES.ps1","content","660","expect(body, `${routeName}: should not show 404`).not.toMatch(/\b404\b|Not Found/i);"
"APPLY_DEMO_PROOF_FIXES.ps1","content","661","expect(body, `${routeName}: should not show auth failure`).not.toMatch(/\b401\b|Unauthorized|Invalid credentials/i);"
"APPLY_DEMO_PROOF_FIXES.ps1","content","674","const submit = page.getByRole(""button"", { name: /sign in|log in|login|continue/i }).first();"
"APPLY_DEMO_PROOF_FIXES.ps1","content","676","await expect(email).toBeVisible({ timeout: 15000 });"
"APPLY_DEMO_PROOF_FIXES.ps1","content","677","await expect(password).toBeVisible({ timeout: 15000 });"
"APPLY_DEMO_PROOF_FIXES.ps1","content","681","await submit.click();"
"APPLY_DEMO_PROOF_FIXES.ps1","content","683","await expect(page).toHaveURL(/\/admin(?:[/?#]|$)/, { timeout: 15000 });"
"APPLY_DEMO_PROOF_FIXES.ps1","content","699","expect(text).toMatch(/Enrollment|Attendance|Financial|Alert|Billing|Admissions/i);"
"APPLY_DEMO_PROOF_FIXES.ps1","content","700","expect(countNumericTokens(text)).toBeGreaterThan(10);"
"APPLY_DEMO_PROOF_FIXES.ps1","content","708","expect(response, `${route.path}: response should exist`).not.toBeNull();"
"APPLY_DEMO_PROOF_FIXES.ps1","content","709","expect(response!.status(), `${route.path}: status should be < 400`).toBeLessThan(400);"
"APPLY_DEMO_PROOF_FIXES.ps1","content","716","expect(text).toMatch(/Enrollment|Attendance|Financial|Alert/i);"
"APPLY_DEMO_PROOF_FIXES.ps1","content","717","expect(countNumericTokens(text)).toBeGreaterThan(10);"
"APPLY_DEMO_PROOF_FIXES.ps1","content","721","expect(text).toMatch(/\$|Balance|Invoice|Revenue|Outstanding/i);"
"APPLY_DEMO_PROOF_FIXES.ps1","content","725","expect(text).toMatch(/Grade|Academic|Course|Section|Attendance/i);"
"APPLY_DEMO_PROOF_FIXES.ps1","content","729","expect(text).toMatch(/Board|Enrollment|Financial|KPI|Operational/i);"
"APPLY_DEMO_PROOF_FIXES.ps1","content","744","function Write-Step([string]$msg) {"
"APPLY_DEMO_PROOF_FIXES.ps1","content","761","Write-Step ""Python / Django sanity"""
"APPLY_DEMO_PROOF_FIXES.ps1","content","766","Write-Step ""Frontend route wiring"""
"APPLY_DEMO_PROOF_FIXES.ps1","content","769","Write-Step ""Health check (accept either canonical health path for now)"""
"APPLY_DEMO_PROOF_FIXES.ps1","content","795","Write-Step ""Playwright demo smoke"""
"APPLY_DEMO_PROOF_FIXES.ps1","content","797","$env:DEMO_EMAIL = if ($env:DEMO_EMAIL) { $env:DEMO_EMAIL } else { ""playwright@crown-demo.local"" }"
"APPLY_DEMO_PROOF_FIXES.ps1","content","798","$env:DEMO_PASSWORD = if ($env:DEMO_PASSWORD) { $env:DEMO_PASSWORD } else { ""PlaywrightDemo1!"" }"
"APPLY_DEMO_PROOF_FIXES.ps1","content","801","Invoke-Checked { npx playwright test tests/demo-smoke.spec.ts --reporter=line } ""Playwright demo smoke failed"""
"APPLY_DEMO_PROOF_FIXES.ps1","content","804","Write-Step ""Proof gate complete"""
"APPLY_DEMO_PROOF_FIXES.ps1","content","815","- $repoRoot\frontend\dashboards\artifacts\demo-proof\playwright"
"APPLY_DEMO_PROOF_FIXES.ps1","content","827","Write-Host ""==> Backend migrate + seed"""
"APPLY_DEMO_PROOF_FIXES.ps1","content","831","Write-Host ""==> Starting backend on :8000"""
"APPLY_DEMO_PROOF_FIXES.ps1","content","850","Write-Host ""Primary login: playwright@crown-demo.local / PlaywrightDemo1!"""
"APPLY_DEMO_PROOF_FIXES.ps1","content","865","3. Add MetricProvenanceBadge only to cards that are not fully live-backed yet."
"APPLY_DEMO_PROOF_FIXES.ps1","content","870","Write-FileUtf8 ""backend/core/management/__init__.py"" $coreMgmtInit"
"APPLY_DEMO_PROOF_FIXES.ps1","content","871","Write-FileUtf8 ""backend/core/management/commands/__init__.py"" $coreMgmtInit"
"APPLY_DEMO_PROOF_FIXES.ps1","content","872","Write-FileUtf8 ""backend/core/management/commands/load_heritage_demo.py"" $loadHeritageDemo"
"APPLY_DEMO_PROOF_FIXES.ps1","content","878","Write-FileUtf8 ""frontend/dashboards/tests/demo-smoke.spec.ts"" $playwrightDemoSmoke"
"APPLY_DEMO_PROOF_FIXES.ps1","content","884","Write-Host ""==> Files created. Next commands:"" -ForegroundColor Yellow"
"BOTTOM_LINE.md","content","20","| Post-Azure gates ready | Γ£à READY | 6-gate validation packet prepared |"
"BOTTOM_LINE.md","content","52","3. **Post-Azure validation** (1 hour, after Azure deployment)"
"BOTTOM_LINE.md","content","53","- 6-gate validation packet"
"BOTTOM_LINE.md","content","73","ΓööΓöÇ Post-Azure validation (6 gates) .............. 30-45 min"
"BOTTOM_LINE.md","content","79","**Critical Path:** Azure deployment time + post-Azure validation"
"BOTTOM_LINE.md","content","91","- ΓÅ│ P7: PENDING (post-Azure validation)"
"BOTTOM_LINE.md","content","122","2. When deployment completes: run 6-gate validation"
"BOTTOM_LINE.md","content","129","1. After P7 validation passes"
"BOTTOM_LINE.md","content","130","2. Run: `$env:CROWN_VALIDATION_TIMEOUT_SEC=""420""; & ""...\crown_judgment_day_gauntlet.ps1""`"
"BOTTOM_LINE.md","content","144","- Γ£à Backend system (Django checks passing)"
"BOTTOM_LINE.md","content","154","- ΓÅ│ Post-Azure validation gates (network, auth, isolation)"
"BOTTOM_LINE.md","content","165","3. Any P7 gate FAILS (post-Azure validation failed)"
"CERTIFICATION_ARCHITECTURE.md","content","325","**Next Maturity Layer (Phase 3):** Signed attestations + cryptographic approval chains + append-only ledger"
"BUNDLE_RETENTION_GOVERNANCE.md","content","119","| CERTIFIED | Passed all validation checks | Eligible for promotion |"
"BUNDLE_RETENTION_GOVERNANCE.md","content","201","- Immutable governance ledger backend (merkle tree / blockchain)"
"CERTIFICATION_QUICK_REFERENCE.md","content","5","### Step 1: Generate Runtime Bundle"
"CERTIFICATION_QUICK_REFERENCE.md","content","16","### Step 2: Certify Bundle"
"CERTIFICATION_QUICK_REFERENCE.md","content","31","### Step 3: Verify Bundle Integrity"
"CERTIFICATION_QUICK_REFERENCE.md","content","41","### Step 4: Optional - Promote to Canonical AUDIT_PACK"
"CERTIFICATION_QUICK_REFERENCE.md","content","97","5. **Audit trail** ΓÇö Every step recorded (generation, certification, replay, promotion)"
"CHANGELOG.md","content","22","### Backend"
"CHANGELOG.md","content","38","- Additional CI gate enforcement on backend and frontend pipelines"
"DEPLOYMENT_RUNBOOK.md","content","6","- [ ] Verify all backlog PRs are merged"
"DEPLOYMENT_RUNBOOK.md","content","7","- [ ] Backup production database"
"DEPLOYMENT_RUNBOOK.md","content","9","**Deployment Steps:**"
"DEPLOYMENT_RUNBOOK.md","content","16","**Rollback Plan:**"
"DEPLOYMENT_READINESS_VALIDATION_20260505.md","content","1","# Crown Deployment Readiness Validation Report"
"DEPLOYMENT_READINESS_VALIDATION_20260505.md","content","15","| **Production Hardening** | Γ£à PASS | DJANGO_SECRET_KEY validation, workspace integrity (May 1 commits) |"
"DEPLOYMENT_READINESS_VALIDATION_20260505.md","content","23","## Validation Checklist"
"DEPLOYMENT_READINESS_VALIDATION_20260505.md","content","33","- backend/frontend gates Γ£à"
"DEPLOYMENT_READINESS_VALIDATION_20260505.md","content","67","- **Root cause:** In `deploy-prod.yml`, step `""Guard: Azure auth secrets present""`, the"
"DEPLOYMENT_READINESS_VALIDATION_20260505.md","content","72","- **Impact:** deploy-prod.yml will fail on the Azure auth guard step on every run until"
"DEPLOYMENT_READINESS_VALIDATION_20260505.md","content","74","- **File:** `.github/workflows/deploy-prod.yml` ΓÇö `Guard: Azure auth secrets present` step"
"DEPLOYMENT_READINESS_VALIDATION_20260505.md","content","110","- **Steps:**"
"DEPLOYMENT_READINESS_VALIDATION_20260505.md","content","136","- **Steps:**"
"DEPLOYMENT_READINESS_VALIDATION_20260505.md","content","214","2. **Phase 2b: Run P7 Post-Deploy Validation Gates** (1ΓÇô2 hours)"
"DEPLOYMENT_READINESS_VALIDATION_20260505.md","content","219","- Database Migration Validation: Expected PASS"
"DEPLOYMENT_READINESS_VALIDATION_20260505.md","content","225","- Commit: `git add audit-artifacts/ && git commit -m ""release: post-deploy validation complete (May 5)""`"
"DEPLOYMENT_READINESS_VALIDATION_20260505.md","content","251","| P7 validation gates | QA | 90 min | 21:20 UTC |"
"DEPLOYMENT_READINESS_VALIDATION_20260505.md","content","292","- [ ] **QA** ΓÇö Ready to execute P7 validation: READY"
"DEPLOYMENT_READINESS_VALIDATION_20260505.md","content","296","**Next Action:** First align all active release work to the same authority branch/SHA, then complete Actions 1 & 2 in [PRODUCTION_GO_PRIORITIES_CHECKLIST.md](PRODUCTION_GO_PRIORITIES_CHECKLIST.md), then re-verify before any production deployment."
"audit-artifacts\production-excellence-95-plus\PRODUCTION_EXCELLENCE_95_SCORECARD.md","content","9","| Engineering readiness | 95 | TBD | Pending | backend/, frontend/ |"
"backend\academic_year_wizard\views.py","content","2","academic_year_wizard/views.py"
"backend\academic_year_wizard\views.py","content","4","5 endpoints for the Academic Year Rollover Wizard (Wizard #15):"
"backend\academic_year_wizard\views.py","content","6","POST /api/v1/academic-year-wizard/sessions/ ΓåÆ create_session"
"backend\academic_year_wizard\views.py","content","7","POST /api/v1/academic-year-wizard/sessions/<id>/configure/ ΓåÆ configure_session"
"backend\academic_year_wizard\views.py","content","8","POST /api/v1/academic-year-wizard/sessions/<id>/terms/ ΓåÆ set_terms"
"backend\academic_year_wizard\views.py","content","9","POST /api/v1/academic-year-wizard/sessions/<id>/commit/ ΓåÆ commit_session"
"backend\academic_year_wizard\views.py","content","10","GET /api/v1/academic-year-wizard/sessions/<id>/verify/ ΓåÆ verify_session"
"backend\academic_year_wizard\views.py","content","36","from .models import AcademicYearWizardSession"
"backend\academic_year_wizard\views.py","content","52","return get_object_or_404(AcademicYearWizardSession, id=session_id, school_id=school_id)"
"backend\academic_year_wizard\views.py","content","104","session = AcademicYearWizardSession.objects.create("
"backend\academic_year_wizard\views.py","content","158","session.status = AcademicYearWizardSession.STATUS_CONFIGURED"
"backend\academic_year_wizard\views.py","content","176","if session.status == AcademicYearWizardSession.STATUS_DRAFT:"
"backend\academic_year_wizard\views.py","content","206","session.status = AcademicYearWizardSession.STATUS_TERMS_SET"
"backend\academic_year_wizard\views.py","content","228","if session.status != AcademicYearWizardSession.STATUS_TERMS_SET:"
"backend\academic_year_wizard\views.py","content","304","session.status = AcademicYearWizardSession.STATUS_COMMITTED"
"backend\academic_year_wizard\views.py","content","342","if session.status != AcademicYearWizardSession.STATUS_COMMITTED:"
"backend\academic_year_wizard\views.py","content","357","session.status = AcademicYearWizardSession.STATUS_VERIFIED"
"check_output.txt","content","21","OpenApiAuthenticationExtension registered for that class. Try creating one by"
"check_output.txt","content","27","OpenApiAuthenticationExtension registered for that class. Try creating one by"
"check_output.txt","content","33","OpenApiAuthenticationExtension registered for that class. Try creating one by"
"check_output.txt","content","39","OpenApiAuthenticationExtension registered for that class. Try creating one by"
"check_output.txt","content","45","OpenApiAuthenticationExtension registered for that class. Try creating one by"
"check_output.txt","content","51","OpenApiAuthenticationExtension registered for that class. Try creating one by"
"check_output.txt","content","57","OpenApiAuthenticationExtension registered for that class. Try creating one by"
"check_output.txt","content","63","OpenApiAuthenticationExtension registered for that class. Try creating one by"
"check_output.txt","content","69","OpenApiAuthenticationExtension registered for that class. Try creating one by"
"check_output.txt","content","104","OpenApiAuthenticationExtension registered for that class. Try creating one by"
"check_output.txt","content","110","OpenApiAuthenticationExtension registered for that class. Try creating one by"
"check_output.txt","content","120","There was no OpenApiAuthenticationExtension registered for that class. Try"
"check_output.txt","content","130","There was no OpenApiAuthenticationExtension registered for that class. Try"
"check_output.txt","content","136","OpenApiAuthenticationExtension registered for that class. Try creating one by"
"check_output.txt","content","141","There was no OpenApiAuthenticationExtension registered for that class. Try"
"check_output.txt","content","146","There was no OpenApiAuthenticationExtension registered for that class. Try"
"check_output.txt","content","151","There was no OpenApiAuthenticationExtension registered for that class. Try"
"check_output.txt","content","157","OpenApiAuthenticationExtension registered for that class. Try creating one by"
"check_output.txt","content","167","There was no OpenApiAuthenticationExtension registered for that class. Try"
"check_output.txt","content","172","There was no OpenApiAuthenticationExtension registered for that class. Try"
"check_output.txt","content","182","There was no OpenApiAuthenticationExtension registered for that class. Try"
"check_output.txt","content","187","There was no OpenApiAuthenticationExtension registered for that class. Try"
"check_output.txt","content","192","There was no OpenApiAuthenticationExtension registered for that class. Try"
"check_output.txt","content","197","There was no OpenApiAuthenticationExtension registered for that class. Try"
"check_output.txt","content","202","There was no OpenApiAuthenticationExtension registered for that class. Try"
"check_output.txt","content","207","There was no OpenApiAuthenticationExtension registered for that class. Try"
"check_output.txt","content","212","There was no OpenApiAuthenticationExtension registered for that class. Try"
"check_output.txt","content","218","OpenApiAuthenticationExtension registered for that class. Try creating one by"
"check_output.txt","content","224","OpenApiAuthenticationExtension registered for that class. Try creating one by"
"check_output.txt","content","230","OpenApiAuthenticationExtension registered for that class. Try creating one by"
"check_output.txt","content","236","OpenApiAuthenticationExtension registered for that class. Try creating one by"
"check_output.txt","content","242","OpenApiAuthenticationExtension registered for that class. Try creating one by"
"check_output.txt","content","248","OpenApiAuthenticationExtension registered for that class. Try creating one by"
"check_output.txt","content","260","OpenApiAuthenticationExtension registered for that class. Try creating one by"
"check_output.txt","content","270","There was no OpenApiAuthenticationExtension registered for that class. Try"
"check_output.txt","content","280","There was no OpenApiAuthenticationExtension registered for that class. Try"
"check_output.txt","content","290","There was no OpenApiAuthenticationExtension registered for that class. Try"
"check_output.txt","content","300","There was no OpenApiAuthenticationExtension registered for that class. Try"
"check_output.txt","content","310","There was no OpenApiAuthenticationExtension registered for that class. Try"
"check_output.txt","content","320","There was no OpenApiAuthenticationExtension registered for that class. Try"
"check_output.txt","content","330","There was no OpenApiAuthenticationExtension registered for that class. Try"
"check_output.txt","content","340","There was no OpenApiAuthenticationExtension registered for that class. Try"
"check_output.txt","content","350","There was no OpenApiAuthenticationExtension registered for that class. Try"
"check_output.txt","content","360","There was no OpenApiAuthenticationExtension registered for that class. Try"
"check_output.txt","content","370","There was no OpenApiAuthenticationExtension registered for that class. Try"
"check_output.txt","content","380","There was no OpenApiAuthenticationExtension registered for that class. Try"
"check_output.txt","content","390","There was no OpenApiAuthenticationExtension registered for that class. Try"
"check_output.txt","content","400","There was no OpenApiAuthenticationExtension registered for that class. Try"
"check_output.txt","content","410","There was no OpenApiAuthenticationExtension registered for that class. Try"
"check_output.txt","content","422","OpenApiAuthenticationExtension registered for that class. Try creating one by"
"check_output.txt","content","434","OpenApiAuthenticationExtension registered for that class. Try creating one by"
"check_output.txt","content","446","OpenApiAuthenticationExtension registered for that class. Try creating one by"
"check_output.txt","content","458","OpenApiAuthenticationExtension registered for that class. Try creating one by"
"check_output.txt","content","468","There was no OpenApiAuthenticationExtension registered for that class. Try"
"check_output.txt","content","478","There was no OpenApiAuthenticationExtension registered for that class. Try"
"check_output.txt","content","488","There was no OpenApiAuthenticationExtension registered for that class. Try"
"check_output.txt","content","493","There was no OpenApiAuthenticationExtension registered for that class. Try"
"check_output.txt","content","498","There was no OpenApiAuthenticationExtension registered for that class. Try"
"check_output.txt","content","503","There was no OpenApiAuthenticationExtension registered for that class. Try"
"check_output.txt","content","508","There was no OpenApiAuthenticationExtension registered for that class. Try"
"check_output.txt","content","513","There was no OpenApiAuthenticationExtension registered for that class. Try"
"check_output.txt","content","518","There was no OpenApiAuthenticationExtension registered for that class. Try"
"check_output.txt","content","523","There was no OpenApiAuthenticationExtension registered for that class. Try"
"check_output.txt","content","528","There was no OpenApiAuthenticationExtension registered for that class. Try"
"check_output.txt","content","533","There was no OpenApiAuthenticationExtension registered for that class. Try"
"check_output.txt","content","538","There was no OpenApiAuthenticationExtension registered for that class. Try"
"check_output.txt","content","543","There was no OpenApiAuthenticationExtension registered for that class. Try"
"check_output.txt","content","548","There was no OpenApiAuthenticationExtension registered for that class. Try"
"check_output.txt","content","553","There was no OpenApiAuthenticationExtension registered for that class. Try"
"check_output.txt","content","558","There was no OpenApiAuthenticationExtension registered for that class. Try"
"check_output.txt","content","563","There was no OpenApiAuthenticationExtension registered for that class. Try"
"check_output.txt","content","568","There was no OpenApiAuthenticationExtension registered for that class. Try"
"check_output.txt","content","574","OpenApiAuthenticationExtension registered for that class. Try creating one by"
"check_output.txt","content","579","There was no OpenApiAuthenticationExtension registered for that class. Try"
"check_output.txt","content","584","There was no OpenApiAuthenticationExtension registered for that class. Try"
"check_output.txt","content","589","There was no OpenApiAuthenticationExtension registered for that class. Try"
"check_output.txt","content","594","There was no OpenApiAuthenticationExtension registered for that class. Try"
"check_output.txt","content","599","There was no OpenApiAuthenticationExtension registered for that class. Try"
"check_output.txt","content","604","There was no OpenApiAuthenticationExtension registered for that class. Try"
"check_output.txt","content","610","OpenApiAuthenticationExtension registered for that class. Try creating one by"
"check_output.txt","content","615","There was no OpenApiAuthenticationExtension registered for that class. Try"
"check_output.txt","content","646","C:\w\crown2026_aftercare_completion_20260515_201747\backend\aftercare\api.py:"
"check_output.txt","content","649","OpenApiAuthenticationExtension registered for that class. Try creating one by"
"check_output.txt","content","652","C:\w\crown2026_aftercare_completion_20260515_201747\backend\aftercare\api.py:"
"check_output.txt","content","655","OpenApiAuthenticationExtension registered for that class. Try creating one by"
"check_output.txt","content","658","C:\w\crown2026_aftercare_completion_20260515_201747\backend\aftercare\api.py:"
"check_output.txt","content","661","OpenApiAuthenticationExtension registered for that class. Try creating one by"
"check_output.txt","content","664","C:\w\crown2026_aftercare_completion_20260515_201747\backend\aftercare\api.py:"
"check_output.txt","content","667","OpenApiAuthenticationExtension registered for that class. Try creating one by"
"check_output.txt","content","670","C:\w\crown2026_aftercare_completion_20260515_201747\backend\aftercare\api.py:"
"check_output.txt","content","673","OpenApiAuthenticationExtension registered for that class. Try creating one by"
"check_output.txt","content","676","C:\w\crown2026_aftercare_completion_20260515_201747\backend\aftercare\api.py:"
"check_output.txt","content","679","OpenApiAuthenticationExtension registered for that class. Try creating one by"
"check_output.txt","content","682","C:\w\crown2026_aftercare_completion_20260515_201747\backend\aftercare\api.py:"
"check_output.txt","content","685","OpenApiAuthenticationExtension registered for that class. Try creating one by"
"check_output.txt","content","688","C:\w\crown2026_aftercare_completion_20260515_201747\backend\aftercare\api.py:"
"check_output.txt","content","691","OpenApiAuthenticationExtension registered for that class. Try creating one by"
"check_output.txt","content","694","C:\w\crown2026_aftercare_completion_20260515_201747\backend\aftercare\api.py:"
"check_output.txt","content","697","OpenApiAuthenticationExtension registered for that class. Try creating one by"
"check_output.txt","content","700","ackend\aftercare\wizard_api.py: Warning [aftercare_setup_wizard]: could not"
"check_output.txt","content","703","OpenApiAuthenticationExtension registered for that class. Try creating one by"
"check_output.txt","content","706","C:\w\crown2026_aftercare_completion_20260515_201747\backend\aid\api_views.py:"
"check_output.txt","content","709","OpenApiAuthenticationExtension registered for that class. Try creating one by"
"check_output.txt","content","712","C:\w\crown2026_aftercare_completion_20260515_201747\backend\aid\api_views.py:"
"check_output.txt","content","715","OpenApiAuthenticationExtension registered for that class. Try creating one by"
"check_output.txt","content","718","C:\w\crown2026_aftercare_completion_20260515_201747\backend\aid\api_views.py:"
"check_output.txt","content","721","OpenApiAuthenticationExtension registered for that class. Try creating one by"
"check_output.txt","content","724","C:\w\crown2026_aftercare_completion_20260515_201747\backend\aid\api_views.py:"
"check_output.txt","content","727","OpenApiAuthenticationExtension registered for that class. Try creating one by"
"check_output.txt","content","730","C:\w\crown2026_aftercare_completion_20260515_201747\backend\aid\api_views.py:"
"check_output.txt","content","733","OpenApiAuthenticationExtension registered for that class. Try creating one by"
"check_output.txt","content","736","C:\w\crown2026_aftercare_completion_20260515_201747\backend\aid\api_views.py:"
"check_output.txt","content","739","OpenApiAuthenticationExtension registered for that class. Try creating one by"
"check_output.txt","content","742","C:\w\crown2026_aftercare_completion_20260515_201747\backend\aid\api_views.py:"
"check_output.txt","content","745","OpenApiAuthenticationExtension registered for that class. Try creating one by"
"check_output.txt","content","750","There was no OpenApiAuthenticationExtension registered for that class. Try"
"check_output.txt","content","755","There was no OpenApiAuthenticationExtension registered for that class. Try"
"check_output.txt","content","760","There was no OpenApiAuthenticationExtension registered for that class. Try"
"check_output.txt","content","766","OpenApiAuthenticationExtension registered for that class. Try creating one by"
"check_output.txt","content","772","OpenApiAuthenticationExtension registered for that class. Try creating one by"
"check_output.txt","content","802","OpenApiAuthenticationExtension registered for that class. Try creating one by"
"check_output.txt","content","808","OpenApiAuthenticationExtension registered for that class. Try creating one by"
"check_output.txt","content","818","There was no OpenApiAuthenticationExtension registered for that class. Try"
"check_output.txt","content","828","There was no OpenApiAuthenticationExtension registered for that class. Try"
"check_output.txt","content","838","There was no OpenApiAuthenticationExtension registered for that class. Try"
"check_output.txt","content","848","There was no OpenApiAuthenticationExtension registered for that class. Try"
"check_output.txt","content","858","There was no OpenApiAuthenticationExtension registered for that class. Try"
"check_output.txt","content","868","There was no OpenApiAuthenticationExtension registered for that class. Try"
"check_output.txt","content","878","There was no OpenApiAuthenticationExtension registered for that class. Try"
"check_output.txt","content","881","C:\w\crown2026_aftercare_completion_20260515_201747\backend\billing\api.py:"
"check_output.txt","content","884","OpenApiAuthenticationExtension registered for that class. Try creating one by"
"check_output.txt","content","887","C:\w\crown2026_aftercare_completion_20260515_201747\backend\billing\api.py:"
"check_output.txt","content","890","OpenApiAuthenticationExtension registered for that class. Try creating one by"
"check_output.txt","content","893","C:\w\crown2026_aftercare_completion_20260515_201747\backend\billing\api.py:"
"check_output.txt","content","896","OpenApiAuthenticationExtension registered for that class. Try creating one by"
"check_output.txt","content","899","C:\w\crown2026_aftercare_completion_20260515_201747\backend\billing\api.py:"
"check_output.txt","content","902","OpenApiAuthenticationExtension registered for that class. Try creating one by"
"check_output.txt","content","905","C:\w\crown2026_aftercare_completion_20260515_201747\backend\billing\api.py:"
"check_output.txt","content","908","OpenApiAuthenticationExtension registered for that class. Try creating one by"
"check_output.txt","content","914","OpenApiAuthenticationExtension registered for that class. Try creating one by"
"check_output.txt","content","920","OpenApiAuthenticationExtension registered for that class. Try creating one by"
"check_output.txt","content","926","OpenApiAuthenticationExtension registered for that class. Try creating one by"
"check_output.txt","content","932","OpenApiAuthenticationExtension registered for that class. Try creating one by"
"check_output.txt","content","938","OpenApiAuthenticationExtension registered for that class. Try creating one by"
"check_output.txt","content","944","OpenApiAuthenticationExtension registered for that class. Try creating one by"
"check_output.txt","content","949","There was no OpenApiAuthenticationExtension registered for that class. Try"
"check_output.txt","content","954","There was no OpenApiAuthenticationExtension registered for that class. Try"
"check_output.txt","content","959","There was no OpenApiAuthenticationExtension registered for that class. Try"
"check_output.txt","content","964","There was no OpenApiAuthenticationExtension registered for that class. Try"
"check_output.txt","content","969","There was no OpenApiAuthenticationExtension registered for that class. Try"
"check_output.txt","content","994","There was no OpenApiAuthenticationExtension registered for that class. Try"
"check_output.txt","content","999","There was no OpenApiAuthenticationExtension registered for that class. Try"
"check_output.txt","content","1004","There was no OpenApiAuthenticationExtension registered for that class. Try"
"check_output.txt","content","1009","There was no OpenApiAuthenticationExtension registered for that class. Try"
"check_output.txt","content","1014","There was no OpenApiAuthenticationExtension registered for that class. Try"
"check_output.txt","content","1019","There was no OpenApiAuthenticationExtension registered for that class. Try"
"check_output.txt","content","1024","There was no OpenApiAuthenticationExtension registered for that class. Try"
"check_output.txt","content","1029","OpenApiAuthenticationExtension registered for that class. Try creating one by"
"check_output.txt","content","1035","OpenApiAuthenticationExtension registered for that class. Try creating one by"
"check_output.txt","content","1041","OpenApiAuthenticationExtension registered for that class. Try creating one by"
"check_output.txt","content","1047","OpenApiAuthenticationExtension registered for that class. Try creating one by"
"check_output.txt","content","1053","OpenApiAuthenticationExtension registered for that class. Try creating one by"
"check_output.txt","content","1059","OpenApiAuthenticationExtension registered for that class. Try creating one by"
"check_output.txt","content","1065","OpenApiAuthenticationExtension registered for that class. Try creating one by"
"check_output.txt","content","1071","OpenApiAuthenticationExtension registered for that class. Try creating one by"
"check_output.txt","content","1077","OpenApiAuthenticationExtension registered for that class. Try creating one by"
"check_output.txt","content","1083","OpenApiAuthenticationExtension registered for that class. Try creating one by"
"check_output.txt","content","1089","OpenApiAuthenticationExtension registered for that class. Try creating one by"
"check_output.txt","content","1095","OpenApiAuthenticationExtension registered for that class. Try creating one by"
"check_output.txt","content","1101","OpenApiAuthenticationExtension registered for that class. Try creating one by"
"check_output.txt","content","1106","There was no OpenApiAuthenticationExtension registered for that class. Try"
"check_output.txt","content","1112","OpenApiAuthenticationExtension registered for that class. Try creating one by"
"check_output.txt","content","1118","OpenApiAuthenticationExtension registered for that class. Try creating one by"
"check_output.txt","content","1124","OpenApiAuthenticationExtension registered for that class. Try creating one by"
"check_output.txt","content","1130","OpenApiAuthenticationExtension registered for that class. Try creating one by"
"check_output.txt","content","1136","OpenApiAuthenticationExtension registered for that class. Try creating one by"
"check_output.txt","content","1142","OpenApiAuthenticationExtension registered for that class. Try creating one by"
"check_output.txt","content","1148","OpenApiAuthenticationExtension registered for that class. Try creating one by"
"check_output.txt","content","1154","OpenApiAuthenticationExtension registered for that class. Try creating one by"
"check_output.txt","content","1160","OpenApiAuthenticationExtension registered for that class. Try creating one by"
"check_output.txt","content","1166","OpenApiAuthenticationExtension registered for that class. Try creating one by"
"check_output.txt","content","1172","OpenApiAuthenticationExtension registered for that class. Try creating one by"
"check_output.txt","content","1178","OpenApiAuthenticationExtension registered for that class. Try creating one by"
"check_output.txt","content","1184","OpenApiAuthenticationExtension registered for that class. Try creating one by"
"check_output.txt","content","1190","OpenApiAuthenticationExtension registered for that class. Try creating one by"
"check_output.txt","content","1196","OpenApiAuthenticationExtension registered for that class. Try creating one by"
"check_output.txt","content","1202","OpenApiAuthenticationExtension registered for that class. Try creating one by"
"check_output.txt","content","1208","OpenApiAuthenticationExtension registered for that class. Try creating one by"
"check_output.txt","content","1214","OpenApiAuthenticationExtension registered for that class. Try creating one by"
"check_output.txt","content","1219","There was no OpenApiAuthenticationExtension registered for that class. Try"
"check_output.txt","content","1225","OpenApiAuthenticationExtension registered for that class. Try creating one by"
"check_output.txt","content","1231","OpenApiAuthenticationExtension registered for that class. Try creating one by"
"check_output.txt","content","1237","OpenApiAuthenticationExtension registered for that class. Try creating one by"
"check_output.txt","content","1243","OpenApiAuthenticationExtension registered for that class. Try creating one by"
"check_output.txt","content","1248","There was no OpenApiAuthenticationExtension registered for that class. Try"
"check_output.txt","content","1253","There was no OpenApiAuthenticationExtension registered for that class. Try"
"check_output.txt","content","1256","ackend\crown_api\views_academics.py: Warning [section_attendance_submit]:"
"check_output.txt","content","1259","OpenApiAuthenticationExtension registered for that class. Try creating one by"
"check_output.txt","content","1265","OpenApiAuthenticationExtension registered for that class. Try creating one by"
"check_output.txt","content","1271","OpenApiAuthenticationExtension registered for that class. Try creating one by"
"check_output.txt","content","1277","OpenApiAuthenticationExtension registered for that class. Try creating one by"
"check_output.txt","content","1282","There was no OpenApiAuthenticationExtension registered for that class. Try"
"check_output.txt","content","1287","There was no OpenApiAuthenticationExtension registered for that class. Try"
"check_output.txt","content","1293","OpenApiAuthenticationExtension registered for that class. Try creating one by"
"check_output.txt","content","1299","OpenApiAuthenticationExtension registered for that class. Try creating one by"
"check_output.txt","content","1305","OpenApiAuthenticationExtension registered for that class. Try creating one by"
"check_output.txt","content","1310","There was no OpenApiAuthenticationExtension registered for that class. Try"
"check_output.txt","content","1316","OpenApiAuthenticationExtension registered for that class. Try creating one by"
"check_output.txt","content","1338","There was no OpenApiAuthenticationExtension registered for that class. Try"
"check_output.txt","content","1348","There was no OpenApiAuthenticationExtension registered for that class. Try"
"check_output.txt","content","1358","There was no OpenApiAuthenticationExtension registered for that class. Try"
"check_output.txt","content","1370","OpenApiAuthenticationExtension registered for that class. Try creating one by"
"check_output.txt","content","1376","OpenApiAuthenticationExtension registered for that class. Try creating one by"
"check_output.txt","content","1382","OpenApiAuthenticationExtension registered for that class. Try creating one by"
"check_output.txt","content","1388","OpenApiAuthenticationExtension registered for that class. Try creating one by"
"check_output.txt","content","1393","There was no OpenApiAuthenticationExtension registered for that class. Try"
"check_output.txt","content","1399","OpenApiAuthenticationExtension registered for that class. Try creating one by"
"check_output.txt","content","1409","There was no OpenApiAuthenticationExtension registered for that class. Try"
"check_output.txt","content","1419","There was no OpenApiAuthenticationExtension registered for that class. Try"
"check_output.txt","content","1429","There was no OpenApiAuthenticationExtension registered for that class. Try"
"check_output.txt","content","1439","There was no OpenApiAuthenticationExtension registered for that class. Try"
"check_output.txt","content","1449","There was no OpenApiAuthenticationExtension registered for that class. Try"
"check_output.txt","content","1459","There was no OpenApiAuthenticationExtension registered for that class. Try"
"check_output.txt","content","1469","There was no OpenApiAuthenticationExtension registered for that class. Try"
"check_output.txt","content","1474","There was no OpenApiAuthenticationExtension registered for that class. Try"
"check_output.txt","content","1479","There was no OpenApiAuthenticationExtension registered for that class. Try"
"check_output.txt","content","1484","There was no OpenApiAuthenticationExtension registered for that class. Try"
"check_output.txt","content","1489","There was no OpenApiAuthenticationExtension registered for that class. Try"
"check_output.txt","content","1495","OpenApiAuthenticationExtension registered for that class. Try creating one by"
"check_output.txt","content","1500","There was no OpenApiAuthenticationExtension registered for that class. Try"
"check_output.txt","content","1505","There was no OpenApiAuthenticationExtension registered for that class. Try"
"check_output.txt","content","1510","There was no OpenApiAuthenticationExtension registered for that class. Try"
"check_output.txt","content","1516","OpenApiAuthenticationExtension registered for that class. Try creating one by"
"check_output.txt","content","1521","There was no OpenApiAuthenticationExtension registered for that class. Try"
"check_output.txt","content","1526","There was no OpenApiAuthenticationExtension registered for that class. Try"
"check_output.txt","content","1531","There was no OpenApiAuthenticationExtension registered for that class. Try"
"check_output.txt","content","1536","There was no OpenApiAuthenticationExtension registered for that class. Try"
"check_output.txt","content","1542","OpenApiAuthenticationExtension registered for that class. Try creating one by"
"check_output.txt","content","1548","OpenApiAuthenticationExtension registered for that class. Try creating one by"
"check_output.txt","content","1554","OpenApiAuthenticationExtension registered for that class. Try creating one by"
"check_output.txt","content","1559","There was no OpenApiAuthenticationExtension registered for that class. Try"
"check_output.txt","content","1564","There was no OpenApiAuthenticationExtension registered for that class. Try"
"check_output.txt","content","1575","OpenApiAuthenticationExtension registered for that class. Try creating one by"
"check_output.txt","content","1580","There was no OpenApiAuthenticationExtension registered for that class. Try"
"check_output.txt","content","1586","OpenApiAuthenticationExtension registered for that class. Try creating one by"
"check_output.txt","content","1591","There was no OpenApiAuthenticationExtension registered for that class. Try"
"check_output.txt","content","1596","There was no OpenApiAuthenticationExtension registered for that class. Try"
"check_output.txt","content","1601","There was no OpenApiAuthenticationExtension registered for that class. Try"
"check_output.txt","content","1606","There was no OpenApiAuthenticationExtension registered for that class. Try"
"check_output.txt","content","1611","There was no OpenApiAuthenticationExtension registered for that class. Try"
"check_output.txt","content","1616","There was no OpenApiAuthenticationExtension registered for that class. Try"
"check_output.txt","content","1621","There was no OpenApiAuthenticationExtension registered for that class. Try"
"check_output.txt","content","1627","OpenApiAuthenticationExtension registered for that class. Try creating one by"
"check_output.txt","content","1633","OpenApiAuthenticationExtension registered for that class. Try creating one by"
"check_output.txt","content","1638","There was no OpenApiAuthenticationExtension registered for that class. Try"
"check_output.txt","content","1643","There was no OpenApiAuthenticationExtension registered for that class. Try"
"check_output.txt","content","1648","There was no OpenApiAuthenticationExtension registered for that class. Try"
"check_output.txt","content","1651","C:\w\crown2026_aftercare_completion_20260515_201747\backend\hr\api.py: Warning"
"check_output.txt","content","1657","C:\w\crown2026_aftercare_completion_20260515_201747\backend\hr\api.py: Warning"
"check_output.txt","content","1660","OpenApiAuthenticationExtension registered for that class. Try creating one by"
"check_output.txt","content","1663","C:\w\crown2026_aftercare_completion_20260515_201747\backend\hr\api.py: Warning"
"check_output.txt","content","1666","OpenApiAuthenticationExtension registered for that class. Try creating one by"
"check_output.txt","content","1671","There was no OpenApiAuthenticationExtension registered for that class. Try"
"check_output.txt","content","1677","OpenApiAuthenticationExtension registered for that class. Try creating one by"
"check_output.txt","content","1683","OpenApiAuthenticationExtension registered for that class. Try creating one by"
"check_output.txt","content","1689","OpenApiAuthenticationExtension registered for that class. Try creating one by"
"check_output.txt","content","1692","C:\w\crown2026_aftercare_completion_20260515_201747\backend\ledger\api.py:"
"check_output.txt","content","1695","OpenApiAuthenticationExtension registered for that class. Try creating one by"
"check_output.txt","content","1698","C:\w\crown2026_aftercare_completion_20260515_201747\backend\ledger\api.py:"
"check_output.txt","content","1701","OpenApiAuthenticationExtension registered for that class. Try creating one by"
"check_output.txt","content","1704","C:\w\crown2026_aftercare_completion_20260515_201747\backend\ledger\api.py:"
"check_output.txt","content","1707","OpenApiAuthenticationExtension registered for that class. Try creating one by"
"check_output.txt","content","1710","C:\w\crown2026_aftercare_completion_20260515_201747\backend\ledger\api.py:"
"check_output.txt","content","1713","OpenApiAuthenticationExtension registered for that class. Try creating one by"
"check_output.txt","content","1716","C:\w\crown2026_aftercare_completion_20260515_201747\backend\ledger\api.py:"
"check_output.txt","content","1719","OpenApiAuthenticationExtension registered for that class. Try creating one by"
"check_output.txt","content","1722","C:\w\crown2026_aftercare_completion_20260515_201747\backend\ledger\api.py:"
"check_output.txt","content","1725","OpenApiAuthenticationExtension registered for that class. Try creating one by"
"check_output.txt","content","1728","C:\w\crown2026_aftercare_completion_20260515_201747\backend\ledger\api.py:"
"check_output.txt","content","1731","OpenApiAuthenticationExtension registered for that class. Try creating one by"
"check_output.txt","content","1734","C:\w\crown2026_aftercare_completion_20260515_201747\backend\ledger\api.py:"
"check_output.txt","content","1737","OpenApiAuthenticationExtension registered for that class. Try creating one by"
"check_output.txt","content","1740","C:\w\crown2026_aftercare_completion_20260515_201747\backend\ledger\api.py:"
"check_output.txt","content","1743","OpenApiAuthenticationExtension registered for that class. Try creating one by"
"check_output.txt","content","1746","ackend\ledger\api_finance.py: Warning [chargeback_metrics]: could not resolve"
"check_output.txt","content","1748","There was no OpenApiAuthenticationExtension registered for that class. Try"
"check_output.txt","content","1753","There was no OpenApiAuthenticationExtension registered for that class. Try"
"check_output.txt","content","1758","There was no OpenApiAuthenticationExtension registered for that class. Try"
"check_output.txt","content","1764","OpenApiAuthenticationExtension registered for that class. Try creating one by"
"check_output.txt","content","1769","There was no OpenApiAuthenticationExtension registered for that class. Try"
"check_output.txt","content","1775","OpenApiAuthenticationExtension registered for that class. Try creating one by"
"check_output.txt","content","1780","There was no OpenApiAuthenticationExtension registered for that class. Try"
"check_output.txt","content","1786","OpenApiAuthenticationExtension registered for that class. Try creating one by"
"check_output.txt","content","1792","OpenApiAuthenticationExtension registered for that class. Try creating one by"
"check_output.txt","content","1798","OpenApiAuthenticationExtension registered for that class. Try creating one by"
"check_output.txt","content","1804","OpenApiAuthenticationExtension registered for that class. Try creating one by"
"check_output.txt","content","1810","OpenApiAuthenticationExtension registered for that class. Try creating one by"
"check_output.txt","content","1816","OpenApiAuthenticationExtension registered for that class. Try creating one by"
"check_output.txt","content","1822","OpenApiAuthenticationExtension registered for that class. Try creating one by"
"check_output.txt","content","1828","OpenApiAuthenticationExtension registered for that class. Try creating one by"
"check_output.txt","content","1843","There was no OpenApiAuthenticationExtension registered for that class. Try"
"check_output.txt","content","1848","There was no OpenApiAuthenticationExtension registered for that class. Try"
"check_output.txt","content","1853","There was no OpenApiAuthenticationExtension registered for that class. Try"
"check_output.txt","content","1859","OpenApiAuthenticationExtension registered for that class. Try creating one by"
"check_output.txt","content","1865","OpenApiAuthenticationExtension registered for that class. Try creating one by"
"check_output.txt","content","1870","There was no OpenApiAuthenticationExtension registered for that class. Try"
"check_output.txt","content","1875","There was no OpenApiAuthenticationExtension registered for that class. Try"
"check_output.txt","content","1880","There was no OpenApiAuthenticationExtension registered for that class. Try"
"check_output.txt","content","1886","OpenApiAuthenticationExtension registered for that class. Try creating one by"
"check_output.txt","content","1892","OpenApiAuthenticationExtension registered for that class. Try creating one by"
"check_output.txt","content","1898","OpenApiAuthenticationExtension registered for that class. Try creating one by"
"check_output.txt","content","1904","OpenApiAuthenticationExtension registered for that class. Try creating one by"
"check_output.txt","content","1910","OpenApiAuthenticationExtension registered for that class. Try creating one by"
"check_output.txt","content","1916","OpenApiAuthenticationExtension registered for that class. Try creating one by"
"check_output.txt","content","1922","OpenApiAuthenticationExtension registered for that class. Try creating one by"
"check_output.txt","content","1928","OpenApiAuthenticationExtension registered for that class. Try creating one by"
"check_output.txt","content","1934","OpenApiAuthenticationExtension registered for that class. Try creating one by"
"check_output.txt","content","1940","OpenApiAuthenticationExtension registered for that class. Try creating one by"
"check_output.txt","content","1946","OpenApiAuthenticationExtension registered for that class. Try creating one by"
"check_output.txt","content","1951","There was no OpenApiAuthenticationExtension registered for that class. Try"
"check_output.txt","content","1957","OpenApiAuthenticationExtension registered for that class. Try creating one by"
"check_output.txt","content","1963","OpenApiAuthenticationExtension registered for that class. Try creating one by"
"check_output.txt","content","1969","OpenApiAuthenticationExtension registered for that class. Try creating one by"
"check_output.txt","content","1975","OpenApiAuthenticationExtension registered for that class. Try creating one by"
"check_output.txt","content","1981","OpenApiAuthenticationExtension registered for that class. Try creating one by"
"check_output.txt","content","1987","OpenApiAuthenticationExtension registered for that class. Try creating one by"
"check_output.txt","content","1993","OpenApiAuthenticationExtension registered for that class. Try creating one by"
"check_output.txt","content","1999","OpenApiAuthenticationExtension registered for that class. Try creating one by"
"check_output.txt","content","2005","OpenApiAuthenticationExtension registered for that class. Try creating one by"
"check_output.txt","content","2010","There was no OpenApiAuthenticationExtension registered for that class. Try"
"check_output.txt","content","2015","There was no OpenApiAuthenticationExtension registered for that class. Try"
"check_output.txt","content","2020","There was no OpenApiAuthenticationExtension registered for that class. Try"
"check_output.txt","content","2023","C:\w\crown2026_aftercare_completion_20260515_201747\backend\pdhub\api.py:"
"check_output.txt","content","2029","C:\w\crown2026_aftercare_completion_20260515_201747\backend\pdhub\api.py:"
"check_output.txt","content","2032","OpenApiAuthenticationExtension registered for that class. Try creating one by"
"check_output.txt","content","2035","C:\w\crown2026_aftercare_completion_20260515_201747\backend\pdhub\api.py:"
"check_output.txt","content","2041","C:\w\crown2026_aftercare_completion_20260515_201747\backend\pdhub\api.py:"
"check_output.txt","content","2044","OpenApiAuthenticationExtension registered for that class. Try creating one by"
"check_output.txt","content","2050","OpenApiAuthenticationExtension registered for that class. Try creating one by"
"check_output.txt","content","2056","OpenApiAuthenticationExtension registered for that class. Try creating one by"
"check_output.txt","content","2062","OpenApiAuthenticationExtension registered for that class. Try creating one by"
"check_output.txt","content","2065","C:\w\crown2026_aftercare_completion_20260515_201747\backend\safety\api.py:"
"check_output.txt","content","2071","C:\w\crown2026_aftercare_completion_20260515_201747\backend\safety\api.py:"
"check_output.txt","content","2074","OpenApiAuthenticationExtension registered for that class. Try creating one by"
"check_output.txt","content","2077","C:\w\crown2026_aftercare_completion_20260515_201747\backend\safety\api.py:"
"check_output.txt","content","2080","OpenApiAuthenticationExtension registered for that class. Try creating one by"
"check_output.txt","content","2086","OpenApiAuthenticationExtension registered for that class. Try creating one by"
"check_output.txt","content","2092","OpenApiAuthenticationExtension registered for that class. Try creating one by"
"check_output.txt","content","2098","OpenApiAuthenticationExtension registered for that class. Try creating one by"
"check_output.txt","content","2104","OpenApiAuthenticationExtension registered for that class. Try creating one by"
"check_output.txt","content","2107","C:\w\crown2026_aftercare_completion_20260515_201747\backend\signals\api.py:"
"check_output.txt","content","2110","OpenApiAuthenticationExtension registered for that class. Try creating one by"
"check_output.txt","content","2113","C:\w\crown2026_aftercare_completion_20260515_201747\backend\signals\api.py:"
"check_output.txt","content","2116","OpenApiAuthenticationExtension registered for that class. Try creating one by"
"check_output.txt","content","2119","C:\w\crown2026_aftercare_completion_20260515_201747\backend\signals\api.py:"
"check_output.txt","content","2122","OpenApiAuthenticationExtension registered for that class. Try creating one by"
"check_output.txt","content","2125","C:\w\crown2026_aftercare_completion_20260515_201747\backend\signals\api.py:"
"check_output.txt","content","2128","OpenApiAuthenticationExtension registered for that class. Try creating one by"
"check_output.txt","content","2131","C:\w\crown2026_aftercare_completion_20260515_201747\backend\signals\api.py:"
"check_output.txt","content","2134","OpenApiAuthenticationExtension registered for that class. Try creating one by"
"check_output.txt","content","2140","OpenApiAuthenticationExtension registered for that class. Try creating one by"
"check_output.txt","content","2146","OpenApiAuthenticationExtension registered for that class. Try creating one by"
"check_output.txt","content","2152","OpenApiAuthenticationExtension registered for that class. Try creating one by"
"check_output.txt","content","2158","OpenApiAuthenticationExtension registered for that class. Try creating one by"
"check_output.txt","content","2164","OpenApiAuthenticationExtension registered for that class. Try creating one by"
"check_output.txt","content","2170","OpenApiAuthenticationExtension registered for that class. Try creating one by"
"check_output.txt","content","2176","OpenApiAuthenticationExtension registered for that class. Try creating one by"
"check_output.txt","content","2182","OpenApiAuthenticationExtension registered for that class. Try creating one by"
"check_output.txt","content","2188","OpenApiAuthenticationExtension registered for that class. Try creating one by"
"check_output.txt","content","2194","OpenApiAuthenticationExtension registered for that class. Try creating one by"
"check_output.txt","content","2200","OpenApiAuthenticationExtension registered for that class. Try creating one by"
"check_output.txt","content","2206","OpenApiAuthenticationExtension registered for that class. Try creating one by"
"check_output.txt","content","2212","OpenApiAuthenticationExtension registered for that class. Try creating one by"
"check_output.txt","content","2218","OpenApiAuthenticationExtension registered for that class. Try creating one by"
"check_output.txt","content","2223","There was no OpenApiAuthenticationExtension registered for that class. Try"
"check_output.txt","content","2229","OpenApiAuthenticationExtension registered for that class. Try creating one by"
"check_output.txt","content","2235","OpenApiAuthenticationExtension registered for that class. Try creating one by"
"check_output.txt","content","2241","OpenApiAuthenticationExtension registered for that class. Try creating one by"
"check_output.txt","content","2246","There was no OpenApiAuthenticationExtension registered for that class. Try"
"check_output.txt","content","2252","OpenApiAuthenticationExtension registered for that class. Try creating one by"
"check_output.txt","content","2258","OpenApiAuthenticationExtension registered for that class. Try creating one by"
"check_output.txt","content","2263","There was no OpenApiAuthenticationExtension registered for that class. Try"
"check_output.txt","content","2268","There was no OpenApiAuthenticationExtension registered for that class. Try"
"check_output.txt","content","2273","There was no OpenApiAuthenticationExtension registered for that class. Try"
"check_output.txt","content","2278","There was no OpenApiAuthenticationExtension registered for that class. Try"
"check_output.txt","content","2290","OpenApiAuthenticationExtension registered for that class. Try creating one by"
"check_output.txt","content","2296","OpenApiAuthenticationExtension registered for that class. Try creating one by"
"check_output.txt","content","2306","There was no OpenApiAuthenticationExtension registered for that class. Try"
"check_output.txt","content","2318","OpenApiAuthenticationExtension registered for that class. Try creating one by"
"check_output.txt","content","2328","There was no OpenApiAuthenticationExtension registered for that class. Try"
"check_output.txt","content","2338","There was no OpenApiAuthenticationExtension registered for that class. Try"
"check_output.txt","content","2350","OpenApiAuthenticationExtension registered for that class. Try creating one by"
"check_output.txt","content","2361","OpenApiAuthenticationExtension registered for that class. Try creating one by"
"check_output.txt","content","2434","[('/api/v1/academics/sections/{id}/roster/', 'get'),"
"check_output.txt","content","2435","('/api/v1/academics/sections/{section_id}/roster/', 'get')]. resolving with"
"check_output.txt","content","2439","[('/api/v1/admissions/applications/', 'get'),"
"check_output.txt","content","2440","('/api/v1/admissions/applications/{application_id}/', 'get')]. resolving with"
"check_output.txt","content","2443","collisions [('/api/v1/billing/runs/', 'get'),"
"check_output.txt","content","2444","('/api/v1/billing/runs/{billing_run_id}/', 'get')]. resolving with numeral"
"check_output.txt","content","2447","collisions [('/api/v1/board/packets/', 'get'),"
"check_output.txt","content","2448","('/api/v1/board/packets/{packet_id}/', 'get')]. resolving with numeral"
"check_output.txt","content","2451","collisions [('/api/v1/comms/threads/', 'get'),"
"check_output.txt","content","2452","('/api/v1/comms/threads/{thread_id}/', 'get')]. resolving with numeral"
"check_output.txt","content","2456","[('/api/v1/dashboards/{dashboard_key}/summary', 'get'),"
"check_output.txt","content","2457","('/api/v1/dashboards/summary/', 'get')]. resolving with numeral suffixes."
"check_output.txt","content","2460","[('/api/v1/discipline/incidents/', 'get'),"
"check_output.txt","content","2461","('/api/v1/discipline/incidents/{incident_id}/', 'get')]. resolving with"
"check_output.txt","content","2464","collisions [('/api/v1/households/{household_id}/', 'get'),"
"check_output.txt","content","2465","('/api/v1/households/{id}/', 'get')]. resolving with numeral suffixes."
"check_output.txt","content","2467","has collisions [('/api/v1/payments/disputes/', 'get'),"
"check_output.txt","content","2468","('/api/v1/payments/disputes/{dispute_id}/', 'get')]. resolving with numeral"
"check_output.txt","content","2472","[('/api/v1/payments/payout-batches/', 'get'),"
"check_output.txt","content","2473","('/api/v1/payments/payout-batches/{batch_id}/', 'get')]. resolving with"
"check_output.txt","content","2476","has collisions [('/api/v1/solomon/articles/', 'get'),"
"check_output.txt","content","2477","('/api/v1/solomon/articles/{slug}/', 'get')]. resolving with numeral suffixes."
"check_output.txt","content","2480","[('/api/v1/spiritual-life/chapel-events/', 'get'),"
"check_output.txt","content","2481","('/api/v1/spiritual-life/chapel-events/{event_id}/', 'get')]. resolving with"
"check_output.txt","content","2485","[('/api/v1/spiritual-life/pastoral-notes/', 'get'),"
"check_output.txt","content","2486","('/api/v1/spiritual-life/pastoral-notes/{note_id}/', 'get')]. resolving with"
"check_output.txt","content","2490","[('/api/v1/spiritual-life/prayer-requests/', 'get'),"
"check_output.txt","content","2491","('/api/v1/spiritual-life/prayer-requests/{pr_id}/', 'get')]. resolving with"
"check_output.txt","content","2495","[('/api/v1/spiritual-life/profiles/', 'get'),"
"check_output.txt","content","2496","('/api/v1/spiritual-life/profiles/{profile_id}/', 'get')]. resolving with"
"check_output.txt","content","2499","collisions [('/api/v1/students/{id}/', 'get'),"
"check_output.txt","content","2500","('/api/v1/students/{student_id}/', 'get')]. resolving with numeral suffixes."
"check_output.txt","content","2502","collisions [('/api/v1/threads/', 'get'), ('/api/v1/threads/{thread_id}/',"
"check_output.txt","content","2506","[('/api/v1/v1/solomon/articles/', 'get'),"
"check_output.txt","content","2507","('/api/v1/v1/solomon/articles/{slug}/', 'get')]. resolving with numeral"
"check_output.txt","content","2510","ackend\academic_year_wizard\views.py: Error [commit_session]: unable to guess"
"check_output.txt","content","2511","serializer. This is graceful fallback handling for APIViews. Consider using"
"check_output.txt","content","2515","ackend\academic_year_wizard\views.py: Error [configure_session]: unable to"
"check_output.txt","content","2516","guess serializer. This is graceful fallback handling for APIViews. Consider"
"check_output.txt","content","2520","ackend\academic_year_wizard\views.py: Error [create_session]: unable to guess"
"check_output.txt","content","2521","serializer. This is graceful fallback handling for APIViews. Consider using"
"check_output.txt","content","2525","ackend\academic_year_wizard\views.py: Error [set_terms]: unable to guess"
"check_output.txt","content","2526","serializer. This is graceful fallback handling for APIViews. Consider using"
"check_output.txt","content","2531","to guess serializer. This is graceful fallback handling for APIViews. Consider"
"check_output.txt","content","2536","unable to guess serializer. This is graceful fallback handling for APIViews."
"check_output.txt","content","2542","to guess serializer. This is graceful fallback handling for APIViews. Consider"
"check_output.txt","content","2547","guess serializer. This is graceful fallback handling for APIViews. Consider"
"check_output.txt","content","2552","to guess serializer. This is graceful fallback handling for APIViews. Consider"
"check_output.txt","content","2557","guess serializer. This is graceful fallback handling for APIViews. Consider"
"check_output.txt","content","2562","to guess serializer. This is graceful fallback handling for APIViews. Consider"
"check_output.txt","content","2567","to guess serializer. This is graceful fallback handling for APIViews. Consider"
"check_output.txt","content","2572","unable to guess serializer. This is graceful fallback handling for APIViews."
"check_output.txt","content","2578","unable to guess serializer. This is graceful fallback handling for APIViews."
"check_output.txt","content","2584","guess serializer. This is graceful fallback handling for APIViews. Consider"
"check_output.txt","content","2589","serializer. This is graceful fallback handling for APIViews. Consider using"
"check_output.txt","content","2594","serializer. This is graceful fallback handling for APIViews. Consider using"
"check_output.txt","content","2599","This is graceful fallback handling for APIViews. Consider using GenericAPIView"
"check_output.txt","content","2604","serializer. This is graceful fallback handling for APIViews. Consider using"
"check_output.txt","content","2609","serializer. This is graceful fallback handling for APIViews. Consider using"
"check_output.txt","content","2614","serializer. This is graceful fallback handling for APIViews. Consider using"
"check_output.txt","content","2619","guess serializer. This is graceful fallback handling for APIViews. Consider"
"check_output.txt","content","2624","serializer. This is graceful fallback handling for APIViews. Consider using"
"check_output.txt","content","2630","fallback handling for APIViews. Consider using GenericAPIView as view base"
"check_output.txt","content","2636","fallback handling for APIViews. Consider using GenericAPIView as view base"
"check_output.txt","content","2641","serializer. This is graceful fallback handling for APIViews. Consider using"
"check_output.txt","content","2646","serializer. This is graceful fallback handling for APIViews. Consider using"
"check_output.txt","content","2651","This is graceful fallback handling for APIViews. Consider using GenericAPIView"
"check_output.txt","content","2656","This is graceful fallback handling for APIViews. Consider using GenericAPIView"
"check_output.txt","content","2661","serializer. This is graceful fallback handling for APIViews. Consider using"
"check_output.txt","content","2666","This is graceful fallback handling for APIViews. Consider using GenericAPIView"
"check_output.txt","content","2671","This is graceful fallback handling for APIViews. Consider using GenericAPIView"
"check_output.txt","content","2676","serializer. This is graceful fallback handling for APIViews. Consider using"
"check_output.txt","content","2681","serializer. This is graceful fallback handling for APIViews. Consider using"
"check_output.txt","content","2686","This is graceful fallback handling for APIViews. Consider using GenericAPIView"
"check_output.txt","content","2691","This is graceful fallback handling for APIViews. Consider using GenericAPIView"
"check_output.txt","content","2696","guess serializer. This is graceful fallback handling for APIViews. Consider"
"check_output.txt","content","2701","serializer. This is graceful fallback handling for APIViews. Consider using"
"check_output.txt","content","2706","This is graceful fallback handling for APIViews. Consider using GenericAPIView"
"check_output.txt","content","2711","serializer. This is graceful fallback handling for APIViews. Consider using"
"check_output.txt","content","2716","serializer. This is graceful fallback handling for APIViews. Consider using"
"check_output.txt","content","2721","serializer. This is graceful fallback handling for APIViews. Consider using"
"check_output.txt","content","2726","serializer. This is graceful fallback handling for APIViews. Consider using"
"check_output.txt","content","2731","guess serializer. This is graceful fallback handling for APIViews. Consider"
"check_output.txt","content","2736","serializer. This is graceful fallback handling for APIViews. Consider using"
"check_output.txt","content","2740","ackend\aftercare\wizard_api.py: Error [aftercare_setup_wizard]: unable to"
"check_output.txt","content","2741","guess serializer. This is graceful fallback handling for APIViews. Consider"
"check_output.txt","content","2745","C:\w\crown2026_aftercare_completion_20260515_201747\backend\aid\api_views.py:"
"check_output.txt","content","2747","fallback handling for APIViews. Consider using GenericAPIView as view base"
"check_output.txt","content","2751","C:\w\crown2026_aftercare_completion_20260515_201747\backend\aid\api_views.py:"
"check_output.txt","content","2753","fallback handling for APIViews. Consider using GenericAPIView as view base"
"check_output.txt","content","2758","serializer. This is graceful fallback handling for APIViews. Consider using"
"check_output.txt","content","2763","serializer. This is graceful fallback handling for APIViews. Consider using"
"check_output.txt","content","2768","serializer. This is graceful fallback handling for APIViews. Consider using"
"check_output.txt","content","2773","to guess serializer. This is graceful fallback handling for APIViews. Consider"
"check_output.txt","content","2778","guess serializer. This is graceful fallback handling for APIViews. Consider"
"check_output.txt","content","2782","ackend\attendance_codes_wizard\views.py: Error [commit_session]: unable to"
"check_output.txt","content","2783","guess serializer. This is graceful fallback handling for APIViews. Consider"
"check_output.txt","content","2787","ackend\attendance_codes_wizard\views.py: Error [configure_session]: unable to"
"check_output.txt","content","2788","guess serializer. This is graceful fallback handling for APIViews. Consider"
"check_output.txt","content","2792","ackend\attendance_codes_wizard\views.py: Error [create_session]: unable to"
"check_output.txt","content","2793","guess serializer. This is graceful fallback handling for APIViews. Consider"
"check_output.txt","content","2797","ackend\attendance_codes_wizard\views.py: Error [stage_codes]: unable to guess"
"check_output.txt","content","2798","serializer. This is graceful fallback handling for APIViews. Consider using"
"check_output.txt","content","2802","ackend\attendance_rules_wizard\views.py: Error [commit_session]: unable to"
"check_output.txt","content","2803","guess serializer. This is graceful fallback handling for APIViews. Consider"
"check_output.txt","content","2807","ackend\attendance_rules_wizard\views.py: Error [configure_session]: unable to"
"check_output.txt","content","2808","guess serializer. This is graceful fallback handling for APIViews. Consider"
"check_output.txt","content","2812","ackend\attendance_rules_wizard\views.py: Error [create_session]: unable to"
"check_output.txt","content","2813","guess serializer. This is graceful fallback handling for APIViews. Consider"
"check_output.txt","content","2817","ackend\attendance_rules_wizard\views.py: Error [define_codes]: unable to guess"
"check_output.txt","content","2818","serializer. This is graceful fallback handling for APIViews. Consider using"
"check_output.txt","content","2822","ackend\bell_schedule_wizard\views.py: Error [commit_session]: unable to guess"
"check_output.txt","content","2823","serializer. This is graceful fallback handling for APIViews. Consider using"
"check_output.txt","content","2827","ackend\bell_schedule_wizard\views.py: Error [configure_session]: unable to"
"check_output.txt","content","2828","guess serializer. This is graceful fallback handling for APIViews. Consider"
"check_output.txt","content","2832","ackend\bell_schedule_wizard\views.py: Error [create_session]: unable to guess"
"check_output.txt","content","2833","serializer. This is graceful fallback handling for APIViews. Consider using"
"check_output.txt","content","2837","ackend\bell_schedule_wizard\views.py: Error [set_blocks]: unable to guess"
"check_output.txt","content","2838","serializer. This is graceful fallback handling for APIViews. Consider using"
"check_output.txt","content","2842","C:\w\crown2026_aftercare_completion_20260515_201747\backend\billing\api.py:"
"check_output.txt","content","2843","Error [billing_runs]: unable to guess serializer. This is graceful fallback"
"check_output.txt","content","2848","C:\w\crown2026_aftercare_completion_20260515_201747\backend\billing\api.py:"
"check_output.txt","content","2850","fallback handling for APIViews. Consider using GenericAPIView as view base"
"check_output.txt","content","2854","ackend\billing_wizard\views.py: Error [commit_session]: unable to guess"
"check_output.txt","content","2855","serializer. This is graceful fallback handling for APIViews. Consider using"
"check_output.txt","content","2859","ackend\billing_wizard\views.py: Error [configure_session]: unable to guess"
"check_output.txt","content","2860","serializer. This is graceful fallback handling for APIViews. Consider using"
"check_output.txt","content","2864","ackend\billing_wizard\views.py: Error [create_session]: unable to guess"
"check_output.txt","content","2865","serializer. This is graceful fallback handling for APIViews. Consider using"
"check_output.txt","content","2869","ackend\billing_wizard\views.py: Error [save_fees]: unable to guess serializer."
"check_output.txt","content","2870","This is graceful fallback handling for APIViews. Consider using GenericAPIView"
"check_output.txt","content","2874","ackend\billing_wizard\views.py: Error [save_plans]: unable to guess"
"check_output.txt","content","2875","serializer. This is graceful fallback handling for APIViews. Consider using"
"check_output.txt","content","2880","This is graceful fallback handling for APIViews. Consider using GenericAPIView"
"check_output.txt","content","2885","This is graceful fallback handling for APIViews. Consider using GenericAPIView"
"check_output.txt","content","2890","This is graceful fallback handling for APIViews. Consider using GenericAPIView"
"check_output.txt","content","2895","serializer. This is graceful fallback handling for APIViews. Consider using"
"check_output.txt","content","2900","This is graceful fallback handling for APIViews. Consider using GenericAPIView"
"check_output.txt","content","2904","ackend\comms_wizard\views.py: Error [commit_session]: unable to guess"
"check_output.txt","content","2905","serializer. This is graceful fallback handling for APIViews. Consider using"
"check_output.txt","content","2909","ackend\comms_wizard\views.py: Error [configure_session]: unable to guess"
"check_output.txt","content","2910","serializer. This is graceful fallback handling for APIViews. Consider using"
"check_output.txt","content","2914","ackend\comms_wizard\views.py: Error [create_session]: unable to guess"
"check_output.txt","content","2915","serializer. This is graceful fallback handling for APIViews. Consider using"
"check_output.txt","content","2919","ackend\comms_wizard\views.py: Error [draft_message]: unable to guess"
"check_output.txt","content","2920","serializer. This is graceful fallback handling for APIViews. Consider using"
"check_output.txt","content","2924","ackend\comms_wizard\views.py: Error [stage_recipients]: unable to guess"
"check_output.txt","content","2925","serializer. This is graceful fallback handling for APIViews. Consider using"
"check_output.txt","content","2929","ackend\course_catalog_wizard\views.py: Error [commit]: unable to guess"
"check_output.txt","content","2930","serializer. This is graceful fallback handling for APIViews. Consider using"
"check_output.txt","content","2934","ackend\course_catalog_wizard\views.py: Error [configure]: unable to guess"
"check_output.txt","content","2935","serializer. This is graceful fallback handling for APIViews. Consider using"
"check_output.txt","content","2939","ackend\course_catalog_wizard\views.py: Error [create_session]: unable to guess"
"check_output.txt","content","2940","serializer. This is graceful fallback handling for APIViews. Consider using"
"check_output.txt","content","2944","ackend\crown_api\api\wizards.py: Error [wizard_discovery]: unable to guess"
"check_output.txt","content","2945","serializer. This is graceful fallback handling for APIViews. Consider using"
"check_output.txt","content","2950","unable to guess serializer. This is graceful fallback handling for APIViews."
"check_output.txt","content","2956","guess serializer. This is graceful fallback handling for APIViews. Consider"
"check_output.txt","content","2961","guess serializer. This is graceful fallback handling for APIViews. Consider"
"check_output.txt","content","2966","guess serializer. This is graceful fallback handling for APIViews. Consider"
"check_output.txt","content","2971","guess serializer. This is graceful fallback handling for APIViews. Consider"
"check_output.txt","content","2976","unable to guess serializer. This is graceful fallback handling for APIViews."
"check_output.txt","content","2982","unable to guess serializer. This is graceful fallback handling for APIViews."
"check_output.txt","content","2988","unable to guess serializer. This is graceful fallback handling for APIViews."
"check_output.txt","content","2994","guess serializer. This is graceful fallback handling for APIViews. Consider"
"check_output.txt","content","2999","guess serializer. This is graceful fallback handling for APIViews. Consider"
"check_output.txt","content","3004","guess serializer. This is graceful fallback handling for APIViews. Consider"
"check_output.txt","content","3009","serializer. This is graceful fallback handling for APIViews. Consider using"
"check_output.txt","content","3014","guess serializer. This is graceful fallback handling for APIViews. Consider"
"check_output.txt","content","3019","guess serializer. This is graceful fallback handling for APIViews. Consider"
"check_output.txt","content","3024","unable to guess serializer. This is graceful fallback handling for APIViews."
"check_output.txt","content","3030","guess serializer. This is graceful fallback handling for APIViews. Consider"
"check_output.txt","content","3035","unable to guess serializer. This is graceful fallback handling for APIViews."
"check_output.txt","content","3041","to guess serializer. This is graceful fallback handling for APIViews. Consider"
"check_output.txt","content","3046","guess serializer. This is graceful fallback handling for APIViews. Consider"
"check_output.txt","content","3051","unable to guess serializer. This is graceful fallback handling for APIViews."
"check_output.txt","content","3057","serializer. This is graceful fallback handling for APIViews. Consider using"
"check_output.txt","content","3062","to guess serializer. This is graceful fallback handling for APIViews. Consider"
"check_output.txt","content","3067","guess serializer. This is graceful fallback handling for APIViews. Consider"
"check_output.txt","content","3072","guess serializer. This is graceful fallback handling for APIViews. Consider"
"check_output.txt","content","3077","unable to guess serializer. This is graceful fallback handling for APIViews."
"check_output.txt","content","3083","serializer. This is graceful fallback handling for APIViews. Consider using"
"check_output.txt","content","3088","guess serializer. This is graceful fallback handling for APIViews. Consider"
"check_output.txt","content","3093","unable to guess serializer. This is graceful fallback handling for APIViews."
"check_output.txt","content","3099","unable to guess serializer. This is graceful fallback handling for APIViews."
"check_output.txt","content","3105","unable to guess serializer. This is graceful fallback handling for APIViews."
"check_output.txt","content","3111","serializer. This is graceful fallback handling for APIViews. Consider using"
"check_output.txt","content","3116","This is graceful fallback handling for APIViews. Consider using GenericAPIView"
"check_output.txt","content","3120","ackend\crown_api\views_academics.py: Error [section_attendance_submit]: unable"
"check_output.txt","content","3121","to guess serializer. This is graceful fallback handling for APIViews. Consider"
"check_output.txt","content","3126","to guess serializer. This is graceful fallback handling for APIViews. Consider"
"check_output.txt","content","3131","guess serializer. This is graceful fallback handling for APIViews. Consider"
"check_output.txt","content","3136","to guess serializer. This is graceful fallback handling for APIViews. Consider"
"check_output.txt","content","3141","serializer. This is graceful fallback handling for APIViews. Consider using"
"check_output.txt","content","3146","serializer. This is graceful fallback handling for APIViews. Consider using"
"check_output.txt","content","3151","guess serializer. This is graceful fallback handling for APIViews. Consider"
"check_output.txt","content","3156","guess serializer. This is graceful fallback handling for APIViews. Consider"
"check_output.txt","content","3161","serializer. This is graceful fallback handling for APIViews. Consider using"
"check_output.txt","content","3166","serializer. This is graceful fallback handling for APIViews. Consider using"
"check_output.txt","content","3171","serializer. This is graceful fallback handling for APIViews. Consider using"
"check_output.txt","content","3176","guess serializer. This is graceful fallback handling for APIViews. Consider"
"check_output.txt","content","3181","guess serializer. This is graceful fallback handling for APIViews. Consider"
"check_output.txt","content","3186","to guess serializer. This is graceful fallback handling for APIViews. Consider"
"check_output.txt","content","3191","serializer. This is graceful fallback handling for APIViews. Consider using"
