"category","command","output"
"resynthesis",".\scripts\release\phase10_live_release_gate_synthesis.ps1","PHASE 10 COMPLETE
Output directory: C:\Users\JMega\OneDrive\Desktop\Crown2026_deploypr\docs\release\live-audit\phase10
Live release gate status: C:\Users\JMega\OneDrive\Desktop\Crown2026_deploypr\docs\release\LIVE_RELEASE_GATE_STATUS.md"
"resynthesis",".\scripts\release\phase11_live_release_docs_refresh.ps1","PHASE 11 COMPLETE
Output directory: C:\Users\JMega\OneDrive\Desktop\Crown2026_deploypr\docs\release\live-audit\phase11
Live gate: C:\Users\JMega\OneDrive\Desktop\Crown2026_deploypr\docs\release\LIVE_FINAL_RELEASE_GATE.md
Live checklist: C:\Users\JMega\OneDrive\Desktop\Crown2026_deploypr\docs\release\LIVE_FINAL_SIGNOFF_CHECKLIST.md
Live modules: C:\Users\JMega\OneDrive\Desktop\Crown2026_deploypr\docs\release\LIVE_MODULE_STATUS_SUMMARY.md"
"resynthesis",".\scripts\release\phase12_repo_hygiene_execution_pack.ps1","PHASE 12 COMPLETE
Output directory: C:\Users\JMega\OneDrive\Desktop\Crown2026_deploypr\docs\release\live-audit\phase12
Live hygiene plan: C:\Users\JMega\OneDrive\Desktop\Crown2026_deploypr\docs\release\LIVE_REPO_HYGIENE_PLAN.md
Apply script: C:\Users\JMega\OneDrive\Desktop\Crown2026_deploypr\scripts\release\generated\phase12_apply_repo_hygiene.ps1"
"resynthesis",".\scripts\release\phase13_workflow_canonicalization_plan.ps1","PHASE 13 COMPLETE
Output directory: C:\Users\JMega\OneDrive\Desktop\Crown2026_deploypr\docs\release\live-audit\phase13
Live workflow plan: C:\Users\JMega\OneDrive\Desktop\Crown2026_deploypr\docs\release\LIVE_WORKFLOW_CANONICALIZATION_PLAN.md
Archive script: C:\Users\JMega\OneDrive\Desktop\Crown2026_deploypr\scripts\release\generated\phase13_archive_extra_workflows.ps1"
"resynthesis",".\scripts\release\phase14_live_evidence_pack_builder.ps1","PHASE 14 COMPLETE
Output directory: C:\Users\JMega\OneDrive\Desktop\Crown2026_deploypr\docs\release\live-audit\phase14
Live evidence packet: C:\Users\JMega\OneDrive\Desktop\Crown2026_deploypr\docs\release\LIVE_EVIDENCE_PACKET.md
Zip: C:\Users\JMega\OneDrive\Desktop\Crown2026_deploypr\docs\release\evidence\live-pack\crown_live_evidence_pack_20260411_081446.zip"
"resynthesis",".\scripts\release\phase15_final_ship_decision_and_completion.ps1","PHASE 15 COMPLETE
Output directory: C:\Users\JMega\OneDrive\Desktop\Crown2026_deploypr\docs\release\live-audit\phase15
Ship decision: C:\Users\JMega\OneDrive\Desktop\Crown2026_deploypr\docs\release\LIVE_SHIP_DECISION.md
Phase completion: C:\Users\JMega\OneDrive\Desktop\Crown2026_deploypr\docs\release\LIVE_15_PHASE_COMPLETION.md"
"resynthesis",".\scripts\release\verify_all_15_phases.ps1","FINAL VERIFICATION COMPLETE
JSON: docs/release/FINAL_15_PHASE_VERIFICATION.json
Markdown: docs/release/FINAL_15_PHASE_VERIFICATION.md
Errors CSV: docs/release/live-audit/final_15_phase_verification_errors.csv"
