"item_key","item_label","is_complete","owner_hint","evidence"
"release_truth","release truth","True","release","docs/release/LIVE_RELEASE_GATE_STATUS.md"
"backend_verification","backend verification","True","release","docs/release/LIVE_RELEASE_GATE_STATUS.md"
"module_proof","module proof","True","release","docs/release/LIVE_RELEASE_GATE_STATUS.md"
"runtime_api","runtime api","True","release","docs/release/LIVE_RELEASE_GATE_STATUS.md"
"frontend_dashboard","frontend dashboard","True","release","docs/release/LIVE_RELEASE_GATE_STATUS.md"
"reporting_export","reporting export","True","release","docs/release/LIVE_RELEASE_GATE_STATUS.md"
"action_register","action register","True","release","docs/release/LIVE_RELEASE_GATE_STATUS.md"
"high_priority_actions_closed","high priority actions closed","True","release","docs/release/LIVE_ACTION_REGISTER.md"
"module_proof_reviewed","module proof summary reviewed","True","product","docs/release/LIVE_MODULE_STATUS_SUMMARY.md"
