"module_key","path_type","path","last_commit_iso"
"platform_core","backend","backend/core","2026-04-10T05:54:01-04:00"
"platform_core","backend","backend/tenants","2026-02-28T10:03:25-05:00"
"platform_core","backend","backend/platform_ops","2026-03-15T16:04:28-04:00"
"platform_core","backend","backend/integrations","2026-04-09T18:04:51-04:00"
"platform_core","backend","backend/notifications","2026-04-09T18:04:51-04:00"
"platform_core","frontend","frontend/src","2026-02-16T17:48:46-05:00"
"platform_core","frontend","frontend/dashboards","2026-04-09T18:04:51-04:00"
"platform_core","release_doc","docs/release/BUYER_POSITIONING_NOTES.md","2026-04-03T17:38:43Z"
"platform_core","release_doc","docs/release/FINAL_INVESTOR_EVIDENCE_INDEX.md","2026-04-03T17:38:43Z"
"platform_core","release_doc","docs/release/FINAL_RELEASE_GATE.md","2026-04-03T17:38:43Z"
"platform_core","release_doc","docs/release/FINAL_SIGNOFF_CHECKLIST.md","2026-04-03T17:38:43Z"
"platform_core","release_doc","docs/release/INVESTOR_DEMO_RUNBOOK.md","2026-03-15T00:58:44-04:00"
"platform_core","release_doc","docs/release/INVESTOR_REPO_REVIEW_GUIDE.md","2026-04-03T17:38:43Z"
"platform_core","release_doc","docs/release/KNOWN_GAPS_AND_DEFERRED_ITEMS.md","2026-04-03T17:38:43Z"
"platform_core","release_doc","docs/release/LIVE_BACKEND_VERIFICATION.json",""
"platform_core","release_doc","docs/release/LIVE_FRONTEND_DASHBOARD_PROOF.json",""
"platform_core","release_doc","docs/release/LIVE_MODULE_PROOF_MATRIX.json",""
"platform_core","release_doc","docs/release/LIVE_MODULE_PROOF_MATRIX.md",""
"platform_core","release_doc","docs/release/LIVE_MODULE_STATUS_SUMMARY.json",""
"platform_core","release_doc","docs/release/LIVE_MODULE_STATUS_SUMMARY.md",""
"platform_core","release_doc","docs/release/LIVE_REPORTING_EXPORT_AUDIT.json",""
"platform_core","release_doc","docs/release/LIVE_REPO_HYGIENE_PLAN.json",""
"platform_core","release_doc","docs/release/LIVE_REPO_HYGIENE_PLAN.md",""
"platform_core","release_doc","docs/release/LIVE_WORKFLOW_CANONICALIZATION_PLAN.json",""
"platform_core","release_doc","docs/release/LIVE_WORKFLOW_CANONICALIZATION_PLAN.md",""
"platform_core","release_doc","docs/release/MODULE_INVENTORY.md","2026-04-03T17:38:43Z"
"platform_core","release_doc","docs/release/PR_ISSUES_CONCERNS_ACTION_PLAN.md","2026-04-03T17:38:43Z"
"platform_core","workflow",".github/workflows/azure-drift-watchdog.yml","2026-03-06T19:57:08-05:00"
"platform_core","workflow",".github/workflows/backend-shell-seeded-proof.yml","2026-03-14T21:17:50-04:00"
"platform_core","workflow",".github/workflows/backend-shell-write-and-lifecycle-proof.yml","2026-03-14T21:20:07-04:00"
"platform_core","workflow",".github/workflows/ci.yml","2026-04-03T17:38:43Z"
"platform_core","workflow",".github/workflows/crown-magus0-gate.yml","2026-03-12T18:55:07-04:00"
"platform_core","workflow",".github/workflows/dashboards-build-gate.yml","2026-03-12T19:01:05-04:00"
"platform_core","workflow",".github/workflows/demo-reset-smoke.yml","2026-03-12T18:55:07-04:00"
"platform_core","workflow",".github/workflows/deploy-dashboard.yml","2026-03-12T18:55:07-04:00"
"platform_core","workflow",".github/workflows/deploy-dev.yml","2026-03-12T18:55:07-04:00"
"platform_core","workflow",".github/workflows/deploy-integrity-proof.yml","2026-03-12T18:55:07-04:00"
"platform_core","workflow",".github/workflows/deploy-prod-dispatch.yml","2026-03-28T16:17:09Z"
"platform_core","workflow",".github/workflows/deploy-prod.yml","2026-03-28T16:17:09Z"
"platform_core","workflow",".github/workflows/dev-smoke-azure-dev.yml","2026-03-14T13:13:22-04:00"
"platform_core","workflow",".github/workflows/dev-smoke.yml","2026-03-12T18:55:07-04:00"
"platform_core","workflow",".github/workflows/lockdown-golden-path-gate.yml","2026-03-16T05:45:31Z"
"platform_core","workflow",".github/workflows/phase3-demo-proof-pack.yml","2026-03-12T18:55:07-04:00"
"platform_core","workflow",".github/workflows/phase3-runtime-proof.yml","2026-04-03T17:38:43Z"
"platform_core","workflow",".github/workflows/phase4-gradebook-demo-proof.yml","2026-03-12T18:55:07-04:00"
"platform_core","workflow",".github/workflows/prod-health-watch.yml","2026-04-03T17:38:43Z"
"platform_core","workflow",".github/workflows/prod-integrity-proof.yml","2026-03-12T18:55:07-04:00"
"platform_core","workflow",".github/workflows/proof-ceremony-after-prod.yml","2026-03-12T18:55:07-04:00"
"platform_core","workflow",".github/workflows/proof-ceremony-prod.yml","2026-03-12T18:55:07-04:00"
"platform_core","workflow",".github/workflows/proof-ceremony.yml","2026-04-03T17:38:43Z"
"platform_core","workflow",".github/workflows/proof-gradebook.yml","2026-03-15T15:56:04-04:00"
"platform_core","workflow",".github/workflows/rc-build-sha-proof.yml","2026-03-12T18:55:07-04:00"
"platform_core","workflow",".github/workflows/rc-gate.yml","2026-03-12T18:55:07-04:00"
"platform_core","workflow",".github/workflows/rc-promotion-gate.yml","2026-03-12T18:55:07-04:00"
"platform_core","workflow",".github/workflows/rc-tier1-deployed-smoke.yml","2026-03-12T18:55:07-04:00"
"platform_core","workflow",".github/workflows/system-health.yml","2026-03-12T18:55:07-04:00"
"platform_core","workflow",".github/workflows/ui-proof-gate.yml","2026-03-12T18:55:07-04:00"
"platform_core","workflow",".github/workflows/ui-proof-gates.yml","2026-03-12T18:55:07-04:00"
"admissions_enrollment","backend","backend/admissions","2026-04-09T18:04:51-04:00"
"admissions_enrollment","backend","backend/applications","2026-03-15T18:49:11-04:00"
"admissions_enrollment","backend","backend/reenrollment","2026-03-11T19:08:03-04:00"
"admissions_enrollment","backend","backend/guardian_household_wizard","2026-02-28T05:20:02-05:00"
"admissions_enrollment","backend","backend/enrollment_conversion_wizard","2026-02-27T13:30:03-05:00"
"admissions_enrollment","backend","backend/enrollment_period_wizard","2026-03-11T19:08:03-04:00"
"admissions_enrollment","frontend","frontend/src","2026-02-16T17:48:46-05:00"
"admissions_enrollment","frontend","frontend/dashboards","2026-04-09T18:04:51-04:00"
"admissions_enrollment","release_doc","docs/release/BUYER_POSITIONING_NOTES.md","2026-04-03T17:38:43Z"
"admissions_enrollment","release_doc","docs/release/FINAL_SIGNOFF_CHECKLIST.md","2026-04-03T17:38:43Z"
"admissions_enrollment","release_doc","docs/release/INVESTOR_DEMO_RUNBOOK.md","2026-03-15T00:58:44-04:00"
"admissions_enrollment","release_doc","docs/release/LIVE_BACKEND_VERIFICATION.json",""
"admissions_enrollment","release_doc","docs/release/LIVE_BACKEND_VERIFICATION.md",""
"admissions_enrollment","release_doc","docs/release/LIVE_FRONTEND_DASHBOARD_PROOF.json",""
"admissions_enrollment","release_doc","docs/release/LIVE_MODULE_PROOF_MATRIX.json",""
"admissions_enrollment","release_doc","docs/release/LIVE_MODULE_PROOF_MATRIX.md",""
"admissions_enrollment","release_doc","docs/release/LIVE_MODULE_STATUS_SUMMARY.json",""
"admissions_enrollment","release_doc","docs/release/LIVE_MODULE_STATUS_SUMMARY.md",""
"admissions_enrollment","release_doc","docs/release/LIVE_REPORTING_EXPORT_AUDIT.json",""
"admissions_enrollment","release_doc","docs/release/LIVE_REPO_HYGIENE_PLAN.json",""
"admissions_enrollment","release_doc","docs/release/LIVE_REPO_HYGIENE_PLAN.md",""
"admissions_enrollment","release_doc","docs/release/LIVE_RUNTIME_API_VERIFICATION.json",""
"admissions_enrollment","release_doc","docs/release/MODULE_INVENTORY.md","2026-04-03T17:38:43Z"
"admissions_enrollment","release_doc","docs/release/PR_ISSUES_CONCERNS_ACTION_PLAN.md","2026-04-03T17:38:43Z"
"admissions_enrollment","workflow",".github/workflows/backend-gate.yml","2026-03-12T18:55:07-04:00"
"admissions_enrollment","workflow",".github/workflows/backend-shell-seeded-proof.yml","2026-03-14T21:17:50-04:00"
"admissions_enrollment","workflow",".github/workflows/backend-shell-write-and-lifecycle-proof.yml","2026-03-14T21:20:07-04:00"
"admissions_enrollment","workflow",".github/workflows/ci-meta-gate-authoring.yml","2026-03-12T18:55:07-04:00"
"admissions_enrollment","workflow",".github/workflows/contract-gate.yml","2026-03-12T18:55:07-04:00"
"admissions_enrollment","workflow",".github/workflows/crown-magus0-gate.yml","2026-03-12T18:55:07-04:00"
"admissions_enrollment","workflow",".github/workflows/dashboards-build-gate.yml","2026-03-12T19:01:05-04:00"
"admissions_enrollment","workflow",".github/workflows/demo-reset-smoke.yml","2026-03-12T18:55:07-04:00"
"admissions_enrollment","workflow",".github/workflows/deploy-dashboard.yml","2026-03-12T18:55:07-04:00"
"admissions_enrollment","workflow",".github/workflows/deploy-dev.yml","2026-03-12T18:55:07-04:00"
"admissions_enrollment","workflow",".github/workflows/deploy-integrity-proof.yml","2026-03-12T18:55:07-04:00"
"admissions_enrollment","workflow",".github/workflows/deploy-prod-dispatch.yml","2026-03-28T16:17:09Z"
"admissions_enrollment","workflow",".github/workflows/deploy-prod.yml","2026-03-28T16:17:09Z"
"admissions_enrollment","workflow",".github/workflows/dev-smoke-azure-dev.yml","2026-03-14T13:13:22-04:00"
"admissions_enrollment","workflow",".github/workflows/dev-smoke.yml","2026-03-12T18:55:07-04:00"
"admissions_enrollment","workflow",".github/workflows/gradebookro-ui-gate.yml","2026-03-12T18:55:07-04:00"
"admissions_enrollment","workflow",".github/workflows/lockdown-golden-path-gate.yml","2026-03-16T05:45:31Z"
"admissions_enrollment","workflow",".github/workflows/migration-lock-gate.yml","2026-03-12T18:55:07-04:00"
"admissions_enrollment","workflow",".github/workflows/ops-reset-dev.yml","2026-02-01T11:26:40-05:00"
"admissions_enrollment","workflow",".github/workflows/phase1-gate.yml","2026-03-12T18:55:07-04:00"
"admissions_enrollment","workflow",".github/workflows/phase3-demo-proof-pack.yml","2026-03-12T18:55:07-04:00"
"admissions_enrollment","workflow",".github/workflows/phase3-runtime-proof.yml","2026-04-03T17:38:43Z"
"admissions_enrollment","workflow",".github/workflows/phase4-gradebook-demo-proof.yml","2026-03-12T18:55:07-04:00"
"admissions_enrollment","workflow",".github/workflows/prod-integrity-proof.yml","2026-03-12T18:55:07-04:00"
"admissions_enrollment","workflow",".github/workflows/proof-ceremony-after-prod.yml","2026-03-12T18:55:07-04:00"
"admissions_enrollment","workflow",".github/workflows/proof-ceremony-prod.yml","2026-03-12T18:55:07-04:00"
"admissions_enrollment","workflow",".github/workflows/proof-ceremony.yml","2026-04-03T17:38:43Z"
"admissions_enrollment","workflow",".github/workflows/proof-gradebook.yml","2026-03-15T15:56:04-04:00"
"admissions_enrollment","workflow",".github/workflows/pytest-gate.yml","2026-03-12T18:55:07-04:00"
"admissions_enrollment","workflow",".github/workflows/rc-build-sha-proof.yml","2026-03-12T18:55:07-04:00"
"admissions_enrollment","workflow",".github/workflows/rc-gate.yml","2026-03-12T18:55:07-04:00"
"admissions_enrollment","workflow",".github/workflows/rc-promotion-gate.yml","2026-03-12T18:55:07-04:00"
"admissions_enrollment","workflow",".github/workflows/rc-runbook.yml","2026-03-12T18:55:07-04:00"
"admissions_enrollment","workflow",".github/workflows/rc-tier1-deployed-smoke.yml","2026-03-12T18:55:07-04:00"
"admissions_enrollment","workflow",".github/workflows/routes-gate.yml","2026-03-12T18:55:07-04:00"
"admissions_enrollment","workflow",".github/workflows/secret-scan.yml","2026-04-03T17:38:43Z"
"admissions_enrollment","workflow",".github/workflows/spine-audit.yml","2026-04-03T17:38:43Z"
"admissions_enrollment","workflow",".github/workflows/system-health.yml","2026-03-12T18:55:07-04:00"
"admissions_enrollment","workflow",".github/workflows/ui-proof-gate.yml","2026-03-12T18:55:07-04:00"
"admissions_enrollment","workflow",".github/workflows/ui-proof-gates.yml","2026-03-12T18:55:07-04:00"
"admissions_enrollment","workflow",".github/workflows/ui-shell-gate.yml","2026-03-12T18:55:07-04:00"
"finance_ledger","backend","backend/billing","2026-04-09T18:04:51-04:00"
"finance_ledger","backend","backend/finance","2026-03-14T08:34:02-04:00"
"finance_ledger","backend","backend/finance_setup","2026-03-14T08:34:02-04:00"
"finance_ledger","backend","backend/financial_aid","2026-03-15T16:04:28-04:00"
"finance_ledger","backend","backend/ledger","2026-03-15T16:04:28-04:00"
"finance_ledger","backend","backend/payments","2026-03-16T05:24:52Z"
"finance_ledger","backend","backend/subscriptions","2026-03-31T14:43:44-04:00"
"finance_ledger","backend","backend/journal","2026-02-25T17:57:39-05:00"
"finance_ledger","backend","backend/billing_wizard","2026-03-11T19:08:03-04:00"
"finance_ledger","backend","backend/financial_aid_wizard","2026-03-11T19:08:03-04:00"
"finance_ledger","backend","backend/invoice_run_wizard","2026-02-27T13:30:03-05:00"
"finance_ledger","frontend","frontend/src","2026-02-16T17:48:46-05:00"
"finance_ledger","frontend","frontend/dashboards","2026-04-09T18:04:51-04:00"
"finance_ledger","release_doc","docs/release/BUYER_POSITIONING_NOTES.md","2026-04-03T17:38:43Z"
"finance_ledger","release_doc","docs/release/INVESTOR_DEMO_RUNBOOK.md","2026-03-15T00:58:44-04:00"
"finance_ledger","release_doc","docs/release/LIVE_BACKEND_VERIFICATION.json",""
"finance_ledger","release_doc","docs/release/LIVE_BACKEND_VERIFICATION.md",""
"finance_ledger","release_doc","docs/release/LIVE_FRONTEND_DASHBOARD_PROOF.json",""
"finance_ledger","release_doc","docs/release/LIVE_MODULE_PROOF_MATRIX.json",""
"finance_ledger","release_doc","docs/release/LIVE_MODULE_PROOF_MATRIX.md",""
"finance_ledger","release_doc","docs/release/LIVE_MODULE_STATUS_SUMMARY.json",""
"finance_ledger","release_doc","docs/release/LIVE_MODULE_STATUS_SUMMARY.md",""
"finance_ledger","release_doc","docs/release/LIVE_REPORTING_EXPORT_AUDIT.json",""
"finance_ledger","release_doc","docs/release/LIVE_REPO_HYGIENE_PLAN.json",""
"finance_ledger","release_doc","docs/release/LIVE_REPO_HYGIENE_PLAN.md",""
"finance_ledger","release_doc","docs/release/MODULE_INVENTORY.md","2026-04-03T17:38:43Z"
"finance_ledger","release_doc","docs/release/PR_ISSUES_CONCERNS_ACTION_PLAN.md","2026-04-03T17:38:43Z"
"finance_ledger","workflow",".github/workflows/backend-gate.yml","2026-03-12T18:55:07-04:00"
"finance_ledger","workflow",".github/workflows/backend-shell-seeded-proof.yml","2026-03-14T21:17:50-04:00"
"finance_ledger","workflow",".github/workflows/backend-shell-write-and-lifecycle-proof.yml","2026-03-14T21:20:07-04:00"
"finance_ledger","workflow",".github/workflows/ci-meta-gate-authoring.yml","2026-03-12T18:55:07-04:00"
"finance_ledger","workflow",".github/workflows/contract-gate.yml","2026-03-12T18:55:07-04:00"
"finance_ledger","workflow",".github/workflows/crown-magus0-gate.yml","2026-03-12T18:55:07-04:00"
"finance_ledger","workflow",".github/workflows/dashboards-build-gate.yml","2026-03-12T19:01:05-04:00"
"finance_ledger","workflow",".github/workflows/demo-reset-smoke.yml","2026-03-12T18:55:07-04:00"
"finance_ledger","workflow",".github/workflows/deploy-dashboard.yml","2026-03-12T18:55:07-04:00"
"finance_ledger","workflow",".github/workflows/deploy-dev.yml","2026-03-12T18:55:07-04:00"
"finance_ledger","workflow",".github/workflows/deploy-integrity-proof.yml","2026-03-12T18:55:07-04:00"
"finance_ledger","workflow",".github/workflows/deploy-prod-dispatch.yml","2026-03-28T16:17:09Z"
"finance_ledger","workflow",".github/workflows/deploy-prod.yml","2026-03-28T16:17:09Z"
"finance_ledger","workflow",".github/workflows/dev-smoke-azure-dev.yml","2026-03-14T13:13:22-04:00"
"finance_ledger","workflow",".github/workflows/dev-smoke.yml","2026-03-12T18:55:07-04:00"
"finance_ledger","workflow",".github/workflows/gradebookro-ui-gate.yml","2026-03-12T18:55:07-04:00"
"finance_ledger","workflow",".github/workflows/lockdown-golden-path-gate.yml","2026-03-16T05:45:31Z"
"finance_ledger","workflow",".github/workflows/migration-lock-gate.yml","2026-03-12T18:55:07-04:00"
"finance_ledger","workflow",".github/workflows/phase1-gate.yml","2026-03-12T18:55:07-04:00"
"finance_ledger","workflow",".github/workflows/phase3-demo-proof-pack.yml","2026-03-12T18:55:07-04:00"
"finance_ledger","workflow",".github/workflows/phase3-runtime-proof.yml","2026-04-03T17:38:43Z"
"finance_ledger","workflow",".github/workflows/phase4-gradebook-demo-proof.yml","2026-03-12T18:55:07-04:00"
"finance_ledger","workflow",".github/workflows/prod-integrity-proof.yml","2026-03-12T18:55:07-04:00"
"finance_ledger","workflow",".github/workflows/proof-ceremony-after-prod.yml","2026-03-12T18:55:07-04:00"
"finance_ledger","workflow",".github/workflows/proof-ceremony-prod.yml","2026-03-12T18:55:07-04:00"
"finance_ledger","workflow",".github/workflows/proof-ceremony.yml","2026-04-03T17:38:43Z"
"finance_ledger","workflow",".github/workflows/proof-gradebook.yml","2026-03-15T15:56:04-04:00"
"finance_ledger","workflow",".github/workflows/pytest-gate.yml","2026-03-12T18:55:07-04:00"
"finance_ledger","workflow",".github/workflows/rc-build-sha-proof.yml","2026-03-12T18:55:07-04:00"
"finance_ledger","workflow",".github/workflows/rc-gate.yml","2026-03-12T18:55:07-04:00"
"finance_ledger","workflow",".github/workflows/rc-promotion-gate.yml","2026-03-12T18:55:07-04:00"
"finance_ledger","workflow",".github/workflows/rc-runbook.yml","2026-03-12T18:55:07-04:00"
"finance_ledger","workflow",".github/workflows/rc-tier1-deployed-smoke.yml","2026-03-12T18:55:07-04:00"
"finance_ledger","workflow",".github/workflows/routes-gate.yml","2026-03-12T18:55:07-04:00"
"finance_ledger","workflow",".github/workflows/secret-scan.yml","2026-04-03T17:38:43Z"
"finance_ledger","workflow",".github/workflows/spine-audit.yml","2026-04-03T17:38:43Z"
"finance_ledger","workflow",".github/workflows/system-health.yml","2026-03-12T18:55:07-04:00"
"finance_ledger","workflow",".github/workflows/ui-proof-gate.yml","2026-03-12T18:55:07-04:00"
"finance_ledger","workflow",".github/workflows/ui-proof-gates.yml","2026-03-12T18:55:07-04:00"
"finance_ledger","workflow",".github/workflows/ui-shell-gate.yml","2026-03-12T18:55:07-04:00"
"academics_gradebook","backend","backend/academics","2026-04-09T18:04:51-04:00"
"academics_gradebook","backend","backend/academics_ro","2026-03-11T19:30:31-04:00"
"academics_gradebook","backend","backend/gradebook","2026-03-11T22:03:18-04:00"
"academics_gradebook","backend","backend/graduation","2026-02-26T19:33:35-05:00"
"academics_gradebook","backend","backend/attendance_codes_wizard","2026-02-28T05:20:02-05:00"
"academics_gradebook","backend","backend/attendance_rules_wizard","2026-02-27T13:30:03-05:00"
"academics_gradebook","backend","backend/bell_schedule_wizard","2026-03-11T21:17:53-04:00"
"academics_gradebook","backend","backend/course_catalog_wizard","2026-02-27T19:58:50-05:00"
"academics_gradebook","backend","backend/grade_scale_wizard","2026-03-11T21:17:53-04:00"
"academics_gradebook","backend","backend/grade_weights_wizard","2026-02-28T05:20:02-05:00"
"academics_gradebook","backend","backend/gradebook_setup_wizard","2026-02-27T13:30:03-05:00"
"academics_gradebook","backend","backend/promotion_wizard","2026-02-27T19:58:50-05:00"
"academics_gradebook","backend","backend/section_assign_wizard","2026-03-11T19:02:16-04:00"
"academics_gradebook","backend","backend/section_scheduler_wizard","2026-03-11T19:02:16-04:00"
"academics_gradebook","backend","backend/section_staffing_wizard","2026-02-28T05:20:02-05:00"
"academics_gradebook","backend","backend/term_structure_wizard","2026-03-11T19:30:31-04:00"
"academics_gradebook","frontend","frontend/src","2026-02-16T17:48:46-05:00"
"academics_gradebook","frontend","frontend/dashboards","2026-04-09T18:04:51-04:00"
"academics_gradebook","release_doc","docs/release/BUYER_POSITIONING_NOTES.md","2026-04-03T17:38:43Z"
"academics_gradebook","release_doc","docs/release/FINAL_INVESTOR_EVIDENCE_INDEX.md","2026-04-03T17:38:43Z"
"academics_gradebook","release_doc","docs/release/LIVE_15_PHASE_COMPLETION.json",""
"academics_gradebook","release_doc","docs/release/LIVE_15_PHASE_COMPLETION.md",""
"academics_gradebook","release_doc","docs/release/LIVE_BACKEND_VERIFICATION.json",""
"academics_gradebook","release_doc","docs/release/LIVE_BACKEND_VERIFICATION.md",""
"academics_gradebook","release_doc","docs/release/LIVE_FRONTEND_DASHBOARD_PROOF.json",""
"academics_gradebook","release_doc","docs/release/LIVE_MODULE_PROOF_MATRIX.json",""
"academics_gradebook","release_doc","docs/release/LIVE_MODULE_PROOF_MATRIX.md",""
"academics_gradebook","release_doc","docs/release/LIVE_MODULE_STATUS_SUMMARY.json",""
"academics_gradebook","release_doc","docs/release/LIVE_MODULE_STATUS_SUMMARY.md",""
"academics_gradebook","release_doc","docs/release/LIVE_RELEASE_GATE_STATUS.md",""
"academics_gradebook","release_doc","docs/release/LIVE_REPORTING_EXPORT_AUDIT.json",""
"academics_gradebook","release_doc","docs/release/LIVE_REPORTING_EXPORT_AUDIT.md",""
"academics_gradebook","release_doc","docs/release/LIVE_REPO_HYGIENE_PLAN.json",""
"academics_gradebook","release_doc","docs/release/LIVE_REPO_HYGIENE_PLAN.md",""
"academics_gradebook","release_doc","docs/release/LIVE_WORKFLOW_CANONICALIZATION_PLAN.json",""
"academics_gradebook","release_doc","docs/release/LIVE_WORKFLOW_CANONICALIZATION_PLAN.md",""
"academics_gradebook","release_doc","docs/release/MODULE_INVENTORY.md","2026-04-03T17:38:43Z"
"academics_gradebook","workflow",".github/workflows/azure-drift-watchdog.yml","2026-03-06T19:57:08-05:00"
"academics_gradebook","workflow",".github/workflows/backend-gate.yml","2026-03-12T18:55:07-04:00"
"academics_gradebook","workflow",".github/workflows/backend-shell-seeded-proof.yml","2026-03-14T21:17:50-04:00"
"academics_gradebook","workflow",".github/workflows/backend-shell-write-and-lifecycle-proof.yml","2026-03-14T21:20:07-04:00"
"academics_gradebook","workflow",".github/workflows/ci-meta-gate-authoring.yml","2026-03-12T18:55:07-04:00"
"academics_gradebook","workflow",".github/workflows/ci.yml","2026-04-03T17:38:43Z"
"academics_gradebook","workflow",".github/workflows/contract-gate.yml","2026-03-12T18:55:07-04:00"
"academics_gradebook","workflow",".github/workflows/crown-magus0-gate.yml","2026-03-12T18:55:07-04:00"
"academics_gradebook","workflow",".github/workflows/dashboards-build-gate.yml","2026-03-12T19:01:05-04:00"
"academics_gradebook","workflow",".github/workflows/demo-reset-smoke.yml","2026-03-12T18:55:07-04:00"
"academics_gradebook","workflow",".github/workflows/demo-reset.yml","2026-03-14T20:55:56-04:00"
"academics_gradebook","workflow",".github/workflows/dependency-audit.yml","2026-04-03T18:51:20Z"
"academics_gradebook","workflow",".github/workflows/dependency-scan.yml","2026-03-12T18:55:07-04:00"
"academics_gradebook","workflow",".github/workflows/deploy-dashboard.yml","2026-03-12T18:55:07-04:00"
"academics_gradebook","workflow",".github/workflows/deploy-dev.yml","2026-03-12T18:55:07-04:00"
"academics_gradebook","workflow",".github/workflows/deploy-integrity-proof.yml","2026-03-12T18:55:07-04:00"
"academics_gradebook","workflow",".github/workflows/deploy-prod-dispatch.yml","2026-03-28T16:17:09Z"
"academics_gradebook","workflow",".github/workflows/deploy-prod.yml","2026-03-28T16:17:09Z"
"academics_gradebook","workflow",".github/workflows/dev-smoke-azure-dev.yml","2026-03-14T13:13:22-04:00"
"academics_gradebook","workflow",".github/workflows/dev-smoke.yml","2026-03-12T18:55:07-04:00"
"academics_gradebook","workflow",".github/workflows/frontend-shell-certification.yml","2026-03-14T19:48:54-04:00"
"academics_gradebook","workflow",".github/workflows/gradebookro-ui-gate.yml","2026-03-12T18:55:07-04:00"
"academics_gradebook","workflow",".github/workflows/lockdown-golden-path-gate.yml","2026-03-16T05:45:31Z"
"academics_gradebook","workflow",".github/workflows/migration-lock-gate.yml","2026-03-12T18:55:07-04:00"
"academics_gradebook","workflow",".github/workflows/ops-reset-dev.yml","2026-02-01T11:26:40-05:00"
"academics_gradebook","workflow",".github/workflows/phase1-gate.yml","2026-03-12T18:55:07-04:00"
"academics_gradebook","workflow",".github/workflows/phase3-demo-proof-pack.yml","2026-03-12T18:55:07-04:00"
"academics_gradebook","workflow",".github/workflows/phase3-runtime-proof.yml","2026-04-03T17:38:43Z"
"academics_gradebook","workflow",".github/workflows/phase4-gradebook-demo-proof.yml","2026-03-12T18:55:07-04:00"
"academics_gradebook","workflow",".github/workflows/prod-health-watch.yml","2026-04-03T17:38:43Z"
"academics_gradebook","workflow",".github/workflows/prod-integrity-proof.yml","2026-03-12T18:55:07-04:00"
"academics_gradebook","workflow",".github/workflows/proof-ceremony-after-prod.yml","2026-03-12T18:55:07-04:00"
"academics_gradebook","workflow",".github/workflows/proof-ceremony-prod.yml","2026-03-12T18:55:07-04:00"
"academics_gradebook","workflow",".github/workflows/proof-ceremony.yml","2026-04-03T17:38:43Z"
"academics_gradebook","workflow",".github/workflows/proof-gradebook.yml","2026-03-15T15:56:04-04:00"
"academics_gradebook","workflow",".github/workflows/pytest-gate.yml","2026-03-12T18:55:07-04:00"
"academics_gradebook","workflow",".github/workflows/rc-build-sha-proof.yml","2026-03-12T18:55:07-04:00"
"academics_gradebook","workflow",".github/workflows/rc-gate.yml","2026-03-12T18:55:07-04:00"
"academics_gradebook","workflow",".github/workflows/rc-promotion-gate.yml","2026-03-12T18:55:07-04:00"
"academics_gradebook","workflow",".github/workflows/rc-runbook.yml","2026-03-12T18:55:07-04:00"
"academics_gradebook","workflow",".github/workflows/rc-tier1-deployed-smoke.yml","2026-03-12T18:55:07-04:00"
"academics_gradebook","workflow",".github/workflows/routes-gate.yml","2026-03-12T18:55:07-04:00"
"academics_gradebook","workflow",".github/workflows/secret-scan.yml","2026-04-03T17:38:43Z"
"academics_gradebook","workflow",".github/workflows/shell-backend-contract-parity.yml","2026-03-14T19:56:41-04:00"
"academics_gradebook","workflow",".github/workflows/spine-audit.yml","2026-04-03T17:38:43Z"
"academics_gradebook","workflow",".github/workflows/stale-branches.yml","2026-04-04T15:37:32Z"
"academics_gradebook","workflow",".github/workflows/system-health.yml","2026-03-12T18:55:07-04:00"
"academics_gradebook","workflow",".github/workflows/tests.yml","2026-04-03T17:38:43Z"
"academics_gradebook","workflow",".github/workflows/ui-proof-gate.yml","2026-03-12T18:55:07-04:00"
"academics_gradebook","workflow",".github/workflows/ui-proof-gates.yml","2026-03-12T18:55:07-04:00"
"academics_gradebook","workflow",".github/workflows/ui-shell-gate.yml","2026-03-12T18:55:07-04:00"
"dashboards_portals","backend","backend/student360","2026-03-11T19:30:31-04:00"
"dashboards_portals","backend","backend/parent360","2026-03-11T19:02:16-04:00"
"dashboards_portals","backend","backend/executive360","2026-04-09T18:04:51-04:00"
"dashboards_portals","frontend","frontend/dashboards","2026-04-09T18:04:51-04:00"
"dashboards_portals","frontend","frontend/src","2026-02-16T17:48:46-05:00"
"dashboards_portals","release_doc","docs/release/BUYER_POSITIONING_NOTES.md","2026-04-03T17:38:43Z"
"dashboards_portals","release_doc","docs/release/INVESTOR_DEMO_RUNBOOK.md","2026-03-15T00:58:44-04:00"
"dashboards_portals","release_doc","docs/release/LIVE_15_PHASE_COMPLETION.json",""
"dashboards_portals","release_doc","docs/release/LIVE_15_PHASE_COMPLETION.md",""
"dashboards_portals","release_doc","docs/release/LIVE_BACKEND_VERIFICATION.json",""
"dashboards_portals","release_doc","docs/release/LIVE_BACKEND_VERIFICATION.md",""
"dashboards_portals","release_doc","docs/release/LIVE_EVIDENCE_PACKET.json",""
"dashboards_portals","release_doc","docs/release/LIVE_FINAL_RELEASE_GATE.json",""
"dashboards_portals","release_doc","docs/release/LIVE_FINAL_RELEASE_GATE.md",""
"dashboards_portals","release_doc","docs/release/LIVE_FINAL_SIGNOFF_CHECKLIST.json",""
"dashboards_portals","release_doc","docs/release/LIVE_FINAL_SIGNOFF_CHECKLIST.md",""
"dashboards_portals","release_doc","docs/release/LIVE_FRONTEND_DASHBOARD_PROOF.json",""
"dashboards_portals","release_doc","docs/release/LIVE_FRONTEND_DASHBOARD_PROOF.md",""
"dashboards_portals","release_doc","docs/release/LIVE_MODULE_PROOF_MATRIX.json",""
"dashboards_portals","release_doc","docs/release/LIVE_MODULE_PROOF_MATRIX.md",""
"dashboards_portals","release_doc","docs/release/LIVE_MODULE_STATUS_SUMMARY.json",""
"dashboards_portals","release_doc","docs/release/LIVE_MODULE_STATUS_SUMMARY.md",""
"dashboards_portals","release_doc","docs/release/LIVE_RELEASE_GATE_STATUS.json",""
"dashboards_portals","release_doc","docs/release/LIVE_RELEASE_GATE_STATUS.md",""
"dashboards_portals","release_doc","docs/release/LIVE_REPORTING_EXPORT_AUDIT.json",""
"dashboards_portals","release_doc","docs/release/LIVE_REPO_HYGIENE_PLAN.json",""
"dashboards_portals","release_doc","docs/release/LIVE_REPO_HYGIENE_PLAN.md",""
"dashboards_portals","release_doc","docs/release/LIVE_WORKFLOW_CANONICALIZATION_PLAN.json",""
"dashboards_portals","release_doc","docs/release/LIVE_WORKFLOW_CANONICALIZATION_PLAN.md",""
"dashboards_portals","release_doc","docs/release/MODULE_INVENTORY.md","2026-04-03T17:38:43Z"
"dashboards_portals","release_doc","docs/release/PR_ISSUES_CONCERNS_ACTION_PLAN.md","2026-04-03T17:38:43Z"
"dashboards_portals","workflow",".github/workflows/azure-drift-watchdog.yml","2026-03-06T19:57:08-05:00"
"dashboards_portals","workflow",".github/workflows/backend-gate.yml","2026-03-12T18:55:07-04:00"
"dashboards_portals","workflow",".github/workflows/backend-shell-seeded-proof.yml","2026-03-14T21:17:50-04:00"
"dashboards_portals","workflow",".github/workflows/backend-shell-write-and-lifecycle-proof.yml","2026-03-14T21:20:07-04:00"
"dashboards_portals","workflow",".github/workflows/ci.yml","2026-04-03T17:38:43Z"
"dashboards_portals","workflow",".github/workflows/contract-gate.yml","2026-03-12T18:55:07-04:00"
"dashboards_portals","workflow",".github/workflows/crown-magus0-gate.yml","2026-03-12T18:55:07-04:00"
"dashboards_portals","workflow",".github/workflows/dashboards-build-gate.yml","2026-03-12T19:01:05-04:00"
"dashboards_portals","workflow",".github/workflows/demo-reset-smoke.yml","2026-03-12T18:55:07-04:00"
"dashboards_portals","workflow",".github/workflows/demo-reset.yml","2026-03-14T20:55:56-04:00"
"dashboards_portals","workflow",".github/workflows/dependency-audit.yml","2026-04-03T18:51:20Z"
"dashboards_portals","workflow",".github/workflows/dependency-scan.yml","2026-03-12T18:55:07-04:00"
"dashboards_portals","workflow",".github/workflows/deploy-dashboard.yml","2026-03-12T18:55:07-04:00"
"dashboards_portals","workflow",".github/workflows/deploy-dev.yml","2026-03-12T18:55:07-04:00"
"dashboards_portals","workflow",".github/workflows/deploy-integrity-proof.yml","2026-03-12T18:55:07-04:00"
"dashboards_portals","workflow",".github/workflows/deploy-prod-dispatch.yml","2026-03-28T16:17:09Z"
"dashboards_portals","workflow",".github/workflows/deploy-prod.yml","2026-03-28T16:17:09Z"
"dashboards_portals","workflow",".github/workflows/dev-smoke-azure-dev.yml","2026-03-14T13:13:22-04:00"
"dashboards_portals","workflow",".github/workflows/dev-smoke.yml","2026-03-12T18:55:07-04:00"
"dashboards_portals","workflow",".github/workflows/frontend-shell-certification.yml","2026-03-14T19:48:54-04:00"
"dashboards_portals","workflow",".github/workflows/gradebookro-ui-gate.yml","2026-03-12T18:55:07-04:00"
"dashboards_portals","workflow",".github/workflows/lockdown-golden-path-gate.yml","2026-03-16T05:45:31Z"
"dashboards_portals","workflow",".github/workflows/migration-lock-gate.yml","2026-03-12T18:55:07-04:00"
"dashboards_portals","workflow",".github/workflows/ops-reset-dev.yml","2026-02-01T11:26:40-05:00"
"dashboards_portals","workflow",".github/workflows/phase1-gate.yml","2026-03-12T18:55:07-04:00"
"dashboards_portals","workflow",".github/workflows/phase3-demo-proof-pack.yml","2026-03-12T18:55:07-04:00"
"dashboards_portals","workflow",".github/workflows/phase3-runtime-proof.yml","2026-04-03T17:38:43Z"
"dashboards_portals","workflow",".github/workflows/phase4-gradebook-demo-proof.yml","2026-03-12T18:55:07-04:00"
"dashboards_portals","workflow",".github/workflows/prod-health-watch.yml","2026-04-03T17:38:43Z"
"dashboards_portals","workflow",".github/workflows/prod-integrity-proof.yml","2026-03-12T18:55:07-04:00"
"dashboards_portals","workflow",".github/workflows/proof-ceremony-after-prod.yml","2026-03-12T18:55:07-04:00"
"dashboards_portals","workflow",".github/workflows/proof-ceremony-prod.yml","2026-03-12T18:55:07-04:00"
"dashboards_portals","workflow",".github/workflows/proof-ceremony.yml","2026-04-03T17:38:43Z"
"dashboards_portals","workflow",".github/workflows/proof-gradebook.yml","2026-03-15T15:56:04-04:00"
"dashboards_portals","workflow",".github/workflows/pytest-gate.yml","2026-03-12T18:55:07-04:00"
"dashboards_portals","workflow",".github/workflows/rc-build-sha-proof.yml","2026-03-12T18:55:07-04:00"
"dashboards_portals","workflow",".github/workflows/rc-gate.yml","2026-03-12T18:55:07-04:00"
"dashboards_portals","workflow",".github/workflows/rc-promotion-gate.yml","2026-03-12T18:55:07-04:00"
"dashboards_portals","workflow",".github/workflows/rc-runbook.yml","2026-03-12T18:55:07-04:00"
"dashboards_portals","workflow",".github/workflows/rc-tier1-deployed-smoke.yml","2026-03-12T18:55:07-04:00"
"dashboards_portals","workflow",".github/workflows/routes-gate.yml","2026-03-12T18:55:07-04:00"
"dashboards_portals","workflow",".github/workflows/shell-backend-contract-parity.yml","2026-03-14T19:56:41-04:00"
"dashboards_portals","workflow",".github/workflows/spine-audit.yml","2026-04-03T17:38:43Z"
"dashboards_portals","workflow",".github/workflows/stale-branches.yml","2026-04-04T15:37:32Z"
"dashboards_portals","workflow",".github/workflows/system-health.yml","2026-03-12T18:55:07-04:00"
"dashboards_portals","workflow",".github/workflows/tests.yml","2026-04-03T17:38:43Z"
"dashboards_portals","workflow",".github/workflows/ui-proof-gate.yml","2026-03-12T18:55:07-04:00"
"dashboards_portals","workflow",".github/workflows/ui-proof-gates.yml","2026-03-12T18:55:07-04:00"
"dashboards_portals","workflow",".github/workflows/ui-shell-gate.yml","2026-03-12T18:55:07-04:00"
"communications_discipline","backend","backend/comms","2026-04-09T18:04:51-04:00"
"communications_discipline","backend","backend/discipline","2026-04-09T18:04:51-04:00"
"communications_discipline","backend","backend/safety","2026-03-11T22:03:18-04:00"
"communications_discipline","backend","backend/support","2026-03-11T19:08:03-04:00"
"communications_discipline","frontend","frontend/src","2026-02-16T17:48:46-05:00"
"communications_discipline","frontend","frontend/dashboards","2026-04-09T18:04:51-04:00"
"communications_discipline","release_doc","docs/release/KNOWN_GAPS_AND_DEFERRED_ITEMS.md","2026-04-03T17:38:43Z"
"communications_discipline","release_doc","docs/release/LIVE_BACKEND_VERIFICATION.json",""
"communications_discipline","release_doc","docs/release/LIVE_BACKEND_VERIFICATION.md",""
"communications_discipline","release_doc","docs/release/LIVE_FRONTEND_DASHBOARD_PROOF.json",""
"communications_discipline","release_doc","docs/release/LIVE_MODULE_PROOF_MATRIX.json",""
"communications_discipline","release_doc","docs/release/LIVE_MODULE_PROOF_MATRIX.md",""
"communications_discipline","release_doc","docs/release/LIVE_MODULE_STATUS_SUMMARY.json",""
"communications_discipline","release_doc","docs/release/LIVE_MODULE_STATUS_SUMMARY.md",""
"communications_discipline","release_doc","docs/release/LIVE_REPORTING_EXPORT_AUDIT.json",""
"communications_discipline","release_doc","docs/release/MODULE_INVENTORY.md","2026-04-03T17:38:43Z"
"communications_discipline","workflow",".github/workflows/azure-drift-watchdog.yml","2026-03-06T19:57:08-05:00"
"communications_discipline","workflow",".github/workflows/backend-gate.yml","2026-03-12T18:55:07-04:00"
"communications_discipline","workflow",".github/workflows/backend-shell-seeded-proof.yml","2026-03-14T21:17:50-04:00"
"communications_discipline","workflow",".github/workflows/backend-shell-write-and-lifecycle-proof.yml","2026-03-14T21:20:07-04:00"
"communications_discipline","workflow",".github/workflows/ci-meta-gate-authoring.yml","2026-03-12T18:55:07-04:00"
"communications_discipline","workflow",".github/workflows/ci.yml","2026-04-03T17:38:43Z"
"communications_discipline","workflow",".github/workflows/contract-gate.yml","2026-03-12T18:55:07-04:00"
"communications_discipline","workflow",".github/workflows/crown-magus0-gate.yml","2026-03-12T18:55:07-04:00"
"communications_discipline","workflow",".github/workflows/dashboards-build-gate.yml","2026-03-12T19:01:05-04:00"
"communications_discipline","workflow",".github/workflows/demo-reset-smoke.yml","2026-03-12T18:55:07-04:00"
"communications_discipline","workflow",".github/workflows/demo-reset.yml","2026-03-14T20:55:56-04:00"
"communications_discipline","workflow",".github/workflows/dependency-audit.yml","2026-04-03T18:51:20Z"
"communications_discipline","workflow",".github/workflows/dependency-scan.yml","2026-03-12T18:55:07-04:00"
"communications_discipline","workflow",".github/workflows/deploy-dashboard.yml","2026-03-12T18:55:07-04:00"
"communications_discipline","workflow",".github/workflows/deploy-dev.yml","2026-03-12T18:55:07-04:00"
"communications_discipline","workflow",".github/workflows/deploy-integrity-proof.yml","2026-03-12T18:55:07-04:00"
"communications_discipline","workflow",".github/workflows/deploy-prod-dispatch.yml","2026-03-28T16:17:09Z"
"communications_discipline","workflow",".github/workflows/deploy-prod.yml","2026-03-28T16:17:09Z"
"communications_discipline","workflow",".github/workflows/dev-smoke-azure-dev.yml","2026-03-14T13:13:22-04:00"
"communications_discipline","workflow",".github/workflows/dev-smoke.yml","2026-03-12T18:55:07-04:00"
"communications_discipline","workflow",".github/workflows/frontend-shell-certification.yml","2026-03-14T19:48:54-04:00"
"communications_discipline","workflow",".github/workflows/gradebookro-ui-gate.yml","2026-03-12T18:55:07-04:00"
"communications_discipline","workflow",".github/workflows/lockdown-golden-path-gate.yml","2026-03-16T05:45:31Z"
"communications_discipline","workflow",".github/workflows/migration-lock-gate.yml","2026-03-12T18:55:07-04:00"
"communications_discipline","workflow",".github/workflows/ops-reset-dev.yml","2026-02-01T11:26:40-05:00"
"communications_discipline","workflow",".github/workflows/phase1-gate.yml","2026-03-12T18:55:07-04:00"
"communications_discipline","workflow",".github/workflows/phase3-demo-proof-pack.yml","2026-03-12T18:55:07-04:00"
"communications_discipline","workflow",".github/workflows/phase3-runtime-proof.yml","2026-04-03T17:38:43Z"
"communications_discipline","workflow",".github/workflows/phase4-gradebook-demo-proof.yml","2026-03-12T18:55:07-04:00"
"communications_discipline","workflow",".github/workflows/prod-health-watch.yml","2026-04-03T17:38:43Z"
"communications_discipline","workflow",".github/workflows/prod-integrity-proof.yml","2026-03-12T18:55:07-04:00"
"communications_discipline","workflow",".github/workflows/proof-ceremony-after-prod.yml","2026-03-12T18:55:07-04:00"
"communications_discipline","workflow",".github/workflows/proof-ceremony-prod.yml","2026-03-12T18:55:07-04:00"
"communications_discipline","workflow",".github/workflows/proof-ceremony.yml","2026-04-03T17:38:43Z"
"communications_discipline","workflow",".github/workflows/proof-gradebook.yml","2026-03-15T15:56:04-04:00"
"communications_discipline","workflow",".github/workflows/pytest-gate.yml","2026-03-12T18:55:07-04:00"
"communications_discipline","workflow",".github/workflows/rc-build-sha-proof.yml","2026-03-12T18:55:07-04:00"
"communications_discipline","workflow",".github/workflows/rc-gate.yml","2026-03-12T18:55:07-04:00"
"communications_discipline","workflow",".github/workflows/rc-promotion-gate.yml","2026-03-12T18:55:07-04:00"
"communications_discipline","workflow",".github/workflows/rc-runbook.yml","2026-03-12T18:55:07-04:00"
"communications_discipline","workflow",".github/workflows/rc-tier1-deployed-smoke.yml","2026-03-12T18:55:07-04:00"
"communications_discipline","workflow",".github/workflows/routes-gate.yml","2026-03-12T18:55:07-04:00"
"communications_discipline","workflow",".github/workflows/secret-scan.yml","2026-04-03T17:38:43Z"
"communications_discipline","workflow",".github/workflows/shell-backend-contract-parity.yml","2026-03-14T19:56:41-04:00"
"communications_discipline","workflow",".github/workflows/spine-audit.yml","2026-04-03T17:38:43Z"
"communications_discipline","workflow",".github/workflows/stale-branches.yml","2026-04-04T15:37:32Z"
"communications_discipline","workflow",".github/workflows/system-health.yml","2026-03-12T18:55:07-04:00"
"communications_discipline","workflow",".github/workflows/tests.yml","2026-04-03T17:38:43Z"
"communications_discipline","workflow",".github/workflows/ui-proof-gate.yml","2026-03-12T18:55:07-04:00"
"communications_discipline","workflow",".github/workflows/ui-proof-gates.yml","2026-03-12T18:55:07-04:00"
"communications_discipline","workflow",".github/workflows/ui-shell-gate.yml","2026-03-12T18:55:07-04:00"
"extended_operations","backend","backend/aftercare","2026-03-15T18:49:11-04:00"
"extended_operations","backend","backend/athletics","2026-03-11T22:03:18-04:00"
"extended_operations","backend","backend/transportation","2026-04-09T18:04:51-04:00"
"extended_operations","backend","backend/hr","2026-04-09T18:04:51-04:00"
"extended_operations","backend","backend/facops","2026-03-11T22:03:18-04:00"
"extended_operations","backend","backend/classroom","2026-03-11T22:03:18-04:00"
"extended_operations","frontend","frontend/src","2026-02-16T17:48:46-05:00"
"extended_operations","frontend","frontend/dashboards","2026-04-09T18:04:51-04:00"
"extended_operations","release_doc","docs/release/BUYER_POSITIONING_NOTES.md","2026-04-03T17:38:43Z"
"extended_operations","release_doc","docs/release/LIVE_BACKEND_VERIFICATION.json",""
"extended_operations","release_doc","docs/release/LIVE_BACKEND_VERIFICATION.md",""
"extended_operations","release_doc","docs/release/LIVE_FRONTEND_DASHBOARD_PROOF.json",""
"extended_operations","release_doc","docs/release/LIVE_MODULE_PROOF_MATRIX.json",""
"extended_operations","release_doc","docs/release/LIVE_MODULE_PROOF_MATRIX.md",""
"extended_operations","release_doc","docs/release/LIVE_MODULE_STATUS_SUMMARY.json",""
"extended_operations","release_doc","docs/release/LIVE_MODULE_STATUS_SUMMARY.md",""
"extended_operations","release_doc","docs/release/LIVE_REPORTING_EXPORT_AUDIT.json",""
"extended_operations","release_doc","docs/release/MODULE_INVENTORY.md","2026-04-03T17:38:43Z"
"extended_operations","release_doc","docs/release/PR_ISSUES_CONCERNS_ACTION_PLAN.md","2026-04-03T17:38:43Z"
"extended_operations","workflow",".github/workflows/azure-drift-watchdog.yml","2026-03-06T19:57:08-05:00"
"extended_operations","workflow",".github/workflows/backend-gate.yml","2026-03-12T18:55:07-04:00"
"extended_operations","workflow",".github/workflows/backend-shell-seeded-proof.yml","2026-03-14T21:17:50-04:00"
"extended_operations","workflow",".github/workflows/backend-shell-write-and-lifecycle-proof.yml","2026-03-14T21:20:07-04:00"
"extended_operations","workflow",".github/workflows/ci.yml","2026-04-03T17:38:43Z"
"extended_operations","workflow",".github/workflows/contract-gate.yml","2026-03-12T18:55:07-04:00"
"extended_operations","workflow",".github/workflows/crown-magus0-gate.yml","2026-03-12T18:55:07-04:00"
"extended_operations","workflow",".github/workflows/dashboards-build-gate.yml","2026-03-12T19:01:05-04:00"
"extended_operations","workflow",".github/workflows/demo-reset-smoke.yml","2026-03-12T18:55:07-04:00"
"extended_operations","workflow",".github/workflows/demo-reset.yml","2026-03-14T20:55:56-04:00"
"extended_operations","workflow",".github/workflows/dependency-audit.yml","2026-04-03T18:51:20Z"
"extended_operations","workflow",".github/workflows/dependency-scan.yml","2026-03-12T18:55:07-04:00"
"extended_operations","workflow",".github/workflows/deploy-dashboard.yml","2026-03-12T18:55:07-04:00"
"extended_operations","workflow",".github/workflows/deploy-dev.yml","2026-03-12T18:55:07-04:00"
"extended_operations","workflow",".github/workflows/deploy-integrity-proof.yml","2026-03-12T18:55:07-04:00"
"extended_operations","workflow",".github/workflows/deploy-prod-dispatch.yml","2026-03-28T16:17:09Z"
"extended_operations","workflow",".github/workflows/deploy-prod.yml","2026-03-28T16:17:09Z"
"extended_operations","workflow",".github/workflows/dev-smoke-azure-dev.yml","2026-03-14T13:13:22-04:00"
"extended_operations","workflow",".github/workflows/dev-smoke.yml","2026-03-12T18:55:07-04:00"
"extended_operations","workflow",".github/workflows/frontend-shell-certification.yml","2026-03-14T19:48:54-04:00"
"extended_operations","workflow",".github/workflows/gradebookro-ui-gate.yml","2026-03-12T18:55:07-04:00"
"extended_operations","workflow",".github/workflows/lockdown-golden-path-gate.yml","2026-03-16T05:45:31Z"
"extended_operations","workflow",".github/workflows/migration-lock-gate.yml","2026-03-12T18:55:07-04:00"
"extended_operations","workflow",".github/workflows/ops-reset-dev.yml","2026-02-01T11:26:40-05:00"
"extended_operations","workflow",".github/workflows/phase3-demo-proof-pack.yml","2026-03-12T18:55:07-04:00"
"extended_operations","workflow",".github/workflows/phase3-runtime-proof.yml","2026-04-03T17:38:43Z"
"extended_operations","workflow",".github/workflows/phase4-gradebook-demo-proof.yml","2026-03-12T18:55:07-04:00"
"extended_operations","workflow",".github/workflows/prod-health-watch.yml","2026-04-03T17:38:43Z"
"extended_operations","workflow",".github/workflows/prod-integrity-proof.yml","2026-03-12T18:55:07-04:00"
"extended_operations","workflow",".github/workflows/proof-ceremony-after-prod.yml","2026-03-12T18:55:07-04:00"
"extended_operations","workflow",".github/workflows/proof-ceremony-prod.yml","2026-03-12T18:55:07-04:00"
"extended_operations","workflow",".github/workflows/proof-ceremony.yml","2026-04-03T17:38:43Z"
"extended_operations","workflow",".github/workflows/proof-gradebook.yml","2026-03-15T15:56:04-04:00"
"extended_operations","workflow",".github/workflows/pytest-gate.yml","2026-03-12T18:55:07-04:00"
"extended_operations","workflow",".github/workflows/rc-build-sha-proof.yml","2026-03-12T18:55:07-04:00"
"extended_operations","workflow",".github/workflows/rc-gate.yml","2026-03-12T18:55:07-04:00"
"extended_operations","workflow",".github/workflows/rc-promotion-gate.yml","2026-03-12T18:55:07-04:00"
"extended_operations","workflow",".github/workflows/rc-runbook.yml","2026-03-12T18:55:07-04:00"
"extended_operations","workflow",".github/workflows/rc-tier1-deployed-smoke.yml","2026-03-12T18:55:07-04:00"
"extended_operations","workflow",".github/workflows/routes-gate.yml","2026-03-12T18:55:07-04:00"
"extended_operations","workflow",".github/workflows/shell-backend-contract-parity.yml","2026-03-14T19:56:41-04:00"
"extended_operations","workflow",".github/workflows/spine-audit.yml","2026-04-03T17:38:43Z"
"extended_operations","workflow",".github/workflows/stale-branches.yml","2026-04-04T15:37:32Z"
"extended_operations","workflow",".github/workflows/system-health.yml","2026-03-12T18:55:07-04:00"
"extended_operations","workflow",".github/workflows/tests.yml","2026-04-03T17:38:43Z"
"extended_operations","workflow",".github/workflows/ui-proof-gate.yml","2026-03-12T18:55:07-04:00"
"extended_operations","workflow",".github/workflows/ui-proof-gates.yml","2026-03-12T18:55:07-04:00"
"extended_operations","workflow",".github/workflows/ui-shell-gate.yml","2026-03-12T18:55:07-04:00"
"mission_addons","backend","backend/advancement","2026-03-28T19:07:26Z"
"mission_addons","backend","backend/board_oversight","2026-03-11T19:30:31-04:00"
"mission_addons","backend","backend/outreach","2026-04-09T18:04:51-04:00"
"mission_addons","backend","backend/pdhub","2026-04-09T18:04:51-04:00"
"mission_addons","backend","backend/servicehours","2026-04-09T18:04:51-04:00"
"mission_addons","backend","backend/spiritual_life","2026-04-10T06:21:37-04:00"
"mission_addons","frontend","frontend/src","2026-02-16T17:48:46-05:00"
"mission_addons","frontend","frontend/dashboards","2026-04-09T18:04:51-04:00"
"mission_addons","release_doc","docs/release/BUYER_POSITIONING_NOTES.md","2026-04-03T17:38:43Z"
"mission_addons","release_doc","docs/release/INVESTOR_DEMO_RUNBOOK.md","2026-03-15T00:58:44-04:00"
"mission_addons","release_doc","docs/release/LIVE_15_PHASE_COMPLETION.json",""
"mission_addons","release_doc","docs/release/LIVE_15_PHASE_COMPLETION.md",""
"mission_addons","release_doc","docs/release/LIVE_BACKEND_VERIFICATION.json",""
"mission_addons","release_doc","docs/release/LIVE_BACKEND_VERIFICATION.md",""
"mission_addons","release_doc","docs/release/LIVE_EVIDENCE_PACKET.json",""
"mission_addons","release_doc","docs/release/LIVE_FINAL_RELEASE_GATE.json",""
"mission_addons","release_doc","docs/release/LIVE_FINAL_RELEASE_GATE.md",""
"mission_addons","release_doc","docs/release/LIVE_FINAL_SIGNOFF_CHECKLIST.json",""
"mission_addons","release_doc","docs/release/LIVE_FINAL_SIGNOFF_CHECKLIST.md",""
"mission_addons","release_doc","docs/release/LIVE_FRONTEND_DASHBOARD_PROOF.json",""
"mission_addons","release_doc","docs/release/LIVE_FRONTEND_DASHBOARD_PROOF.md",""
"mission_addons","release_doc","docs/release/LIVE_MODULE_PROOF_MATRIX.json",""
"mission_addons","release_doc","docs/release/LIVE_MODULE_PROOF_MATRIX.md",""
"mission_addons","release_doc","docs/release/LIVE_MODULE_STATUS_SUMMARY.json",""
"mission_addons","release_doc","docs/release/LIVE_MODULE_STATUS_SUMMARY.md",""
"mission_addons","release_doc","docs/release/LIVE_RELEASE_GATE_STATUS.json",""
"mission_addons","release_doc","docs/release/LIVE_RELEASE_GATE_STATUS.md",""
"mission_addons","release_doc","docs/release/LIVE_REPORTING_EXPORT_AUDIT.json",""
"mission_addons","release_doc","docs/release/LIVE_REPORTING_EXPORT_AUDIT.md",""
"mission_addons","release_doc","docs/release/LIVE_WORKFLOW_CANONICALIZATION_PLAN.json",""
"mission_addons","release_doc","docs/release/LIVE_WORKFLOW_CANONICALIZATION_PLAN.md",""
"mission_addons","release_doc","docs/release/MODULE_INVENTORY.md","2026-04-03T17:38:43Z"
"mission_addons","release_doc","docs/release/PR_ISSUES_CONCERNS_ACTION_PLAN.md","2026-04-03T17:38:43Z"
"mission_addons","workflow",".github/workflows/azure-drift-watchdog.yml","2026-03-06T19:57:08-05:00"
"mission_addons","workflow",".github/workflows/backend-gate.yml","2026-03-12T18:55:07-04:00"
"mission_addons","workflow",".github/workflows/backend-shell-seeded-proof.yml","2026-03-14T21:17:50-04:00"
"mission_addons","workflow",".github/workflows/backend-shell-write-and-lifecycle-proof.yml","2026-03-14T21:20:07-04:00"
"mission_addons","workflow",".github/workflows/ci-meta-gate-authoring.yml","2026-03-12T18:55:07-04:00"
"mission_addons","workflow",".github/workflows/ci.yml","2026-04-03T17:38:43Z"
"mission_addons","workflow",".github/workflows/contract-gate.yml","2026-03-12T18:55:07-04:00"
"mission_addons","workflow",".github/workflows/crown-magus0-gate.yml","2026-03-12T18:55:07-04:00"
"mission_addons","workflow",".github/workflows/dashboards-build-gate.yml","2026-03-12T19:01:05-04:00"
"mission_addons","workflow",".github/workflows/demo-reset-smoke.yml","2026-03-12T18:55:07-04:00"
"mission_addons","workflow",".github/workflows/demo-reset.yml","2026-03-14T20:55:56-04:00"
"mission_addons","workflow",".github/workflows/dependency-audit.yml","2026-04-03T18:51:20Z"
"mission_addons","workflow",".github/workflows/dependency-scan.yml","2026-03-12T18:55:07-04:00"
"mission_addons","workflow",".github/workflows/deploy-dashboard.yml","2026-03-12T18:55:07-04:00"
"mission_addons","workflow",".github/workflows/deploy-dev.yml","2026-03-12T18:55:07-04:00"
"mission_addons","workflow",".github/workflows/deploy-integrity-proof.yml","2026-03-12T18:55:07-04:00"
"mission_addons","workflow",".github/workflows/deploy-prod-dispatch.yml","2026-03-28T16:17:09Z"
"mission_addons","workflow",".github/workflows/deploy-prod.yml","2026-03-28T16:17:09Z"
"mission_addons","workflow",".github/workflows/dev-smoke-azure-dev.yml","2026-03-14T13:13:22-04:00"
"mission_addons","workflow",".github/workflows/dev-smoke.yml","2026-03-12T18:55:07-04:00"
"mission_addons","workflow",".github/workflows/frontend-shell-certification.yml","2026-03-14T19:48:54-04:00"
"mission_addons","workflow",".github/workflows/gradebookro-ui-gate.yml","2026-03-12T18:55:07-04:00"
"mission_addons","workflow",".github/workflows/lockdown-golden-path-gate.yml","2026-03-16T05:45:31Z"
"mission_addons","workflow",".github/workflows/migration-lock-gate.yml","2026-03-12T18:55:07-04:00"
"mission_addons","workflow",".github/workflows/ops-reset-dev.yml","2026-02-01T11:26:40-05:00"
"mission_addons","workflow",".github/workflows/phase1-gate.yml","2026-03-12T18:55:07-04:00"
"mission_addons","workflow",".github/workflows/phase3-demo-proof-pack.yml","2026-03-12T18:55:07-04:00"
"mission_addons","workflow",".github/workflows/phase3-runtime-proof.yml","2026-04-03T17:38:43Z"
"mission_addons","workflow",".github/workflows/phase4-gradebook-demo-proof.yml","2026-03-12T18:55:07-04:00"
"mission_addons","workflow",".github/workflows/prod-health-watch.yml","2026-04-03T17:38:43Z"
"mission_addons","workflow",".github/workflows/prod-integrity-proof.yml","2026-03-12T18:55:07-04:00"
"mission_addons","workflow",".github/workflows/proof-ceremony-after-prod.yml","2026-03-12T18:55:07-04:00"
"mission_addons","workflow",".github/workflows/proof-ceremony-prod.yml","2026-03-12T18:55:07-04:00"
"mission_addons","workflow",".github/workflows/proof-ceremony.yml","2026-04-03T17:38:43Z"
"mission_addons","workflow",".github/workflows/proof-gradebook.yml","2026-03-15T15:56:04-04:00"
"mission_addons","workflow",".github/workflows/pytest-gate.yml","2026-03-12T18:55:07-04:00"
"mission_addons","workflow",".github/workflows/rc-build-sha-proof.yml","2026-03-12T18:55:07-04:00"
"mission_addons","workflow",".github/workflows/rc-gate.yml","2026-03-12T18:55:07-04:00"
"mission_addons","workflow",".github/workflows/rc-promotion-gate.yml","2026-03-12T18:55:07-04:00"
"mission_addons","workflow",".github/workflows/rc-runbook.yml","2026-03-12T18:55:07-04:00"
"mission_addons","workflow",".github/workflows/rc-tier1-deployed-smoke.yml","2026-03-12T18:55:07-04:00"
"mission_addons","workflow",".github/workflows/routes-gate.yml","2026-03-12T18:55:07-04:00"
"mission_addons","workflow",".github/workflows/secret-scan.yml","2026-04-03T17:38:43Z"
"mission_addons","workflow",".github/workflows/shell-backend-contract-parity.yml","2026-03-14T19:56:41-04:00"
"mission_addons","workflow",".github/workflows/spine-audit.yml","2026-04-03T17:38:43Z"
"mission_addons","workflow",".github/workflows/stale-branches.yml","2026-04-04T15:37:32Z"
"mission_addons","workflow",".github/workflows/system-health.yml","2026-03-12T18:55:07-04:00"
"mission_addons","workflow",".github/workflows/tests.yml","2026-04-03T17:38:43Z"
"mission_addons","workflow",".github/workflows/ui-proof-gate.yml","2026-03-12T18:55:07-04:00"
"mission_addons","workflow",".github/workflows/ui-proof-gates.yml","2026-03-12T18:55:07-04:00"
"mission_addons","workflow",".github/workflows/ui-shell-gate.yml","2026-03-12T18:55:07-04:00"
"release_controls","release_doc","docs/release/BRANCH_PROTECTION_EVIDENCE.md","2026-04-03T17:38:43Z"
"release_controls","release_doc","docs/release/BUYER_POSITIONING_NOTES.md","2026-04-03T17:38:43Z"
"release_controls","release_doc","docs/release/FINAL_CLOSEOUT_11_20.md","2026-04-09T18:04:51-04:00"
"release_controls","release_doc","docs/release/FINAL_CLOSEOUT_21_30.md","2026-04-09T18:04:51-04:00"
"release_controls","release_doc","docs/release/FINAL_CLOSEOUT_TOP10.md","2026-04-09T18:04:51-04:00"
"release_controls","release_doc","docs/release/FINAL_INVESTOR_EVIDENCE_INDEX.md","2026-04-03T17:38:43Z"
"release_controls","release_doc","docs/release/FINAL_RELEASE_GATE.md","2026-04-03T17:38:43Z"
"release_controls","release_doc","docs/release/FINAL_SIGNOFF_CHECKLIST.md","2026-04-03T17:38:43Z"
"release_controls","release_doc","docs/release/INVESTOR_DEMO_RUNBOOK.md","2026-03-15T00:58:44-04:00"
"release_controls","release_doc","docs/release/INVESTOR_REPO_REVIEW_GUIDE.md","2026-04-03T17:38:43Z"
"release_controls","release_doc","docs/release/KNOWN_GAPS_AND_DEFERRED_ITEMS.md","2026-04-03T17:38:43Z"
"release_controls","release_doc","docs/release/LIVE_15_PHASE_COMPLETION.json",""
"release_controls","release_doc","docs/release/LIVE_15_PHASE_COMPLETION.md",""
"release_controls","release_doc","docs/release/LIVE_ACTION_REGISTER.json",""
"release_controls","release_doc","docs/release/LIVE_ACTION_REGISTER.md",""
"release_controls","release_doc","docs/release/LIVE_BACKEND_VERIFICATION.json",""
"release_controls","release_doc","docs/release/LIVE_BACKEND_VERIFICATION.md",""
"release_controls","release_doc","docs/release/LIVE_EVIDENCE_INDEX.json",""
"release_controls","release_doc","docs/release/LIVE_EVIDENCE_INDEX.md",""
"release_controls","release_doc","docs/release/LIVE_EVIDENCE_PACKET.json",""
"release_controls","release_doc","docs/release/LIVE_EVIDENCE_PACKET.md",""
"release_controls","release_doc","docs/release/LIVE_FINAL_RELEASE_GATE.json",""
"release_controls","release_doc","docs/release/LIVE_FINAL_RELEASE_GATE.md",""
"release_controls","release_doc","docs/release/LIVE_FINAL_SIGNOFF_CHECKLIST.json",""
"release_controls","release_doc","docs/release/LIVE_FINAL_SIGNOFF_CHECKLIST.md",""
"release_controls","release_doc","docs/release/LIVE_FRONTEND_DASHBOARD_PROOF.json",""
"release_controls","release_doc","docs/release/LIVE_FRONTEND_DASHBOARD_PROOF.md",""
"release_controls","release_doc","docs/release/LIVE_MODULE_PROOF_MATRIX.json",""
"release_controls","release_doc","docs/release/LIVE_MODULE_PROOF_MATRIX.md",""
"release_controls","release_doc","docs/release/LIVE_MODULE_STATUS_SUMMARY.json",""
"release_controls","release_doc","docs/release/LIVE_MODULE_STATUS_SUMMARY.md",""
"release_controls","release_doc","docs/release/LIVE_RELEASE_GATE_STATUS.json",""
"release_controls","release_doc","docs/release/LIVE_RELEASE_GATE_STATUS.md",""
"release_controls","release_doc","docs/release/LIVE_RELEASE_TRUTH.json",""
"release_controls","release_doc","docs/release/LIVE_RELEASE_TRUTH.md",""
"release_controls","release_doc","docs/release/LIVE_REPORTING_EXPORT_AUDIT.json",""
"release_controls","release_doc","docs/release/LIVE_REPORTING_EXPORT_AUDIT.md",""
"release_controls","release_doc","docs/release/LIVE_REPO_HYGIENE_PLAN.json",""
"release_controls","release_doc","docs/release/LIVE_REPO_HYGIENE_PLAN.md",""
"release_controls","release_doc","docs/release/LIVE_RUNTIME_API_VERIFICATION.md",""
"release_controls","release_doc","docs/release/LIVE_SHIP_DECISION.json",""
"release_controls","release_doc","docs/release/LIVE_SHIP_DECISION.md",""
"release_controls","release_doc","docs/release/LIVE_WORKFLOW_CANONICALIZATION_PLAN.json",""
"release_controls","release_doc","docs/release/LIVE_WORKFLOW_CANONICALIZATION_PLAN.md",""
"release_controls","release_doc","docs/release/MODULE_INVENTORY.md","2026-04-03T17:38:43Z"
"release_controls","release_doc","docs/release/PR_ISSUES_CONCERNS_ACTION_PLAN.md","2026-04-03T17:38:43Z"
"release_controls","release_doc","docs/release/SECURITY_GATES_EVIDENCE.md","2026-04-03T17:38:43Z"
"release_controls","release_doc","docs/release/WORKFLOW_CONSOLIDATION_PLAN.md","2026-04-03T17:38:43Z"
"release_controls","workflow",".github/workflows/backend-shell-seeded-proof.yml","2026-03-14T21:17:50-04:00"
"release_controls","workflow",".github/workflows/backend-shell-write-and-lifecycle-proof.yml","2026-03-14T21:20:07-04:00"
"release_controls","workflow",".github/workflows/ci.yml","2026-04-03T17:38:43Z"
"release_controls","workflow",".github/workflows/crown-magus0-gate.yml","2026-03-12T18:55:07-04:00"
"release_controls","workflow",".github/workflows/dashboards-build-gate.yml","2026-03-12T19:01:05-04:00"
"release_controls","workflow",".github/workflows/demo-reset-smoke.yml","2026-03-12T18:55:07-04:00"
"release_controls","workflow",".github/workflows/deploy-dashboard.yml","2026-03-12T18:55:07-04:00"
"release_controls","workflow",".github/workflows/deploy-dev.yml","2026-03-12T18:55:07-04:00"
"release_controls","workflow",".github/workflows/deploy-integrity-proof.yml","2026-03-12T18:55:07-04:00"
"release_controls","workflow",".github/workflows/deploy-prod-dispatch.yml","2026-03-28T16:17:09Z"
"release_controls","workflow",".github/workflows/deploy-prod.yml","2026-03-28T16:17:09Z"
"release_controls","workflow",".github/workflows/dev-smoke-azure-dev.yml","2026-03-14T13:13:22-04:00"
"release_controls","workflow",".github/workflows/dev-smoke.yml","2026-03-12T18:55:07-04:00"
"release_controls","workflow",".github/workflows/lockdown-golden-path-gate.yml","2026-03-16T05:45:31Z"
"release_controls","workflow",".github/workflows/phase3-demo-proof-pack.yml","2026-03-12T18:55:07-04:00"
"release_controls","workflow",".github/workflows/phase3-runtime-proof.yml","2026-04-03T17:38:43Z"
"release_controls","workflow",".github/workflows/phase4-gradebook-demo-proof.yml","2026-03-12T18:55:07-04:00"
"release_controls","workflow",".github/workflows/prod-integrity-proof.yml","2026-03-12T18:55:07-04:00"
"release_controls","workflow",".github/workflows/proof-ceremony-after-prod.yml","2026-03-12T18:55:07-04:00"
"release_controls","workflow",".github/workflows/proof-ceremony-prod.yml","2026-03-12T18:55:07-04:00"
"release_controls","workflow",".github/workflows/proof-ceremony.yml","2026-04-03T17:38:43Z"
"release_controls","workflow",".github/workflows/proof-gradebook.yml","2026-03-15T15:56:04-04:00"
"release_controls","workflow",".github/workflows/rc-build-sha-proof.yml","2026-03-12T18:55:07-04:00"
"release_controls","workflow",".github/workflows/rc-gate.yml","2026-03-12T18:55:07-04:00"
"release_controls","workflow",".github/workflows/rc-promotion-gate.yml","2026-03-12T18:55:07-04:00"
"release_controls","workflow",".github/workflows/rc-tier1-deployed-smoke.yml","2026-03-12T18:55:07-04:00"
"release_controls","workflow",".github/workflows/secret-scan.yml","2026-04-03T17:38:43Z"
"release_controls","workflow",".github/workflows/stale-branches.yml","2026-04-04T15:37:32Z"
"release_controls","workflow",".github/workflows/system-health.yml","2026-03-12T18:55:07-04:00"
"release_controls","workflow",".github/workflows/ui-proof-gate.yml","2026-03-12T18:55:07-04:00"
"release_controls","workflow",".github/workflows/ui-proof-gates.yml","2026-03-12T18:55:07-04:00"
