evidence_id,source_id,evidence_type,description,origin,recorded_by,recorded_at,evidence_location
EVD-C1-GOV-0001-HASH,C1-GOV-0001,HASH_RECORD,SHA256 integrity record for ADMISSIONS_API_CONTRACT.md,c1_candidate_sources/ADMISSIONS_API_CONTRACT.md,SOLOMON C1 Intake Preprocessor,2026-05-15T14:01:43.131828+00:00,c1_candidate_sources/ADMISSIONS_API_CONTRACT.md
EVD-C1-GOV-0002-HASH,C1-GOV-0002,HASH_RECORD,SHA256 integrity record for API_VERSION_POLICY.md,c1_candidate_sources/API_VERSION_POLICY.md,SOLOMON C1 Intake Preprocessor,2026-05-15T14:01:43.131828+00:00,c1_candidate_sources/API_VERSION_POLICY.md
EVD-C1-GOV-0003-HASH,C1-GOV-0003,HASH_RECORD,SHA256 integrity record for BACKUP_RESTORE_POLICY.md,c1_candidate_sources/BACKUP_RESTORE_POLICY.md,SOLOMON C1 Intake Preprocessor,2026-05-15T14:01:43.131828+00:00,c1_candidate_sources/BACKUP_RESTORE_POLICY.md
EVD-C1-GOV-0004-HASH,C1-GOV-0004,HASH_RECORD,SHA256 integrity record for CROWN_IP_COMPLIANCE_POLICY.md,c1_candidate_sources/CROWN_IP_COMPLIANCE_POLICY.md,SOLOMON C1 Intake Preprocessor,2026-05-15T14:01:43.131828+00:00,c1_candidate_sources/CROWN_IP_COMPLIANCE_POLICY.md
EVD-C1-GOV-0005-HASH,C1-GOV-0005,HASH_RECORD,SHA256 integrity record for CROWN_SOLOMON_CANON.md,c1_candidate_sources/CROWN_SOLOMON_CANON.md,SOLOMON C1 Intake Preprocessor,2026-05-15T14:01:43.131828+00:00,c1_candidate_sources/CROWN_SOLOMON_CANON.md
EVD-C1-GOV-0006-HASH,C1-GOV-0006,HASH_RECORD,SHA256 integrity record for DATA_RETENTION_POLICY.md,c1_candidate_sources/DATA_RETENTION_POLICY.md,SOLOMON C1 Intake Preprocessor,2026-05-15T14:01:43.131828+00:00,c1_candidate_sources/DATA_RETENTION_POLICY.md
EVD-C1-GOV-0007-HASH,C1-GOV-0007,HASH_RECORD,SHA256 integrity record for DEMO_MODE_POLICY.md,c1_candidate_sources/DEMO_MODE_POLICY.md,SOLOMON C1 Intake Preprocessor,2026-05-15T14:01:43.132828+00:00,c1_candidate_sources/DEMO_MODE_POLICY.md
EVD-C1-GOV-0008-HASH,C1-GOV-0008,HASH_RECORD,SHA256 integrity record for DISASTER_RECOVERY_POLICY.md,c1_candidate_sources/DISASTER_RECOVERY_POLICY.md,SOLOMON C1 Intake Preprocessor,2026-05-15T14:01:43.132828+00:00,c1_candidate_sources/DISASTER_RECOVERY_POLICY.md
EVD-C1-GOV-0009-HASH,C1-GOV-0009,HASH_RECORD,SHA256 integrity record for FINANCIAL_AID_API_CONTRACT.md,c1_candidate_sources/FINANCIAL_AID_API_CONTRACT.md,SOLOMON C1 Intake Preprocessor,2026-05-15T14:01:43.132828+00:00,c1_candidate_sources/FINANCIAL_AID_API_CONTRACT.md
EVD-C1-GOV-0010-HASH,C1-GOV-0010,HASH_RECORD,SHA256 integrity record for INCIDENT_RESPONSE_POLICY.md,c1_candidate_sources/INCIDENT_RESPONSE_POLICY.md,SOLOMON C1 Intake Preprocessor,2026-05-15T14:01:43.132828+00:00,c1_candidate_sources/INCIDENT_RESPONSE_POLICY.md
