"FindingType","RelativePath","LineNumber","LineContent"
"Wizard","frontend\dashboards\src\components\crown\CrownWizard.jsx","4","* CrownWizard"
"Wizard","frontend\dashboards\src\components\crown\CrownWizard.jsx","13","export default function CrownWizard({"
"Wizard","frontend\dashboards\src\components\crown\CrownWizard.jsx","28","const nextStep = Math.min(i + 1, totalSteps - 1);"
"Wizard","frontend\dashboards\src\components\crown\CrownWizard.jsx","30","onStepChange(nextStep);"
"Wizard","frontend\dashboards\src\components\crown\CrownWizard.jsx","32","return nextStep;"
"Wizard","frontend\dashboards\src\components\crown\CrownWizard.jsx","38","const nextStep = Math.max(i - 1, 0);"
"Wizard","frontend\dashboards\src\components\crown\CrownWizard.jsx","40","onStepChange(nextStep);"
"Wizard","frontend\dashboards\src\components\crown\CrownWizard.jsx","42","return nextStep;"
"Wizard","frontend\dashboards\src\components\crown\CrownWizardStepHeader.jsx","1","import ""../../styles/crown-wizard.css"";"
"Wizard","frontend\dashboards\src\components\crown\CrownWizardStepHeader.jsx","4","* CrownWizardStepHeader"
"Wizard","frontend\dashboards\src\components\crown\CrownWizardStepHeader.jsx","11","export default function CrownWizardStepHeader({ title, subtitle, stepIndex, steps = [] }) {"
"Wizard","frontend\dashboards\src\components\crown\CrownWizardStepHeader.jsx","13","<div className=""crown-wizard-header"" style={{ flexDirection: ""column"" }}>"
"Wizard","frontend\dashboards\src\components\crown\CrownWizardStepHeader.jsx","19","<div className=""crown-wizard-steps"">"
"Wizard","frontend\dashboards\src\components\crown\CrownWizardStepHeader.jsx","22","index < stepIndex ? ""crown-wizard-step-pill done"""
"Wizard","frontend\dashboards\src\components\crown\CrownWizardStepHeader.jsx","23",": index === stepIndex ? ""crown-wizard-step-pill active"""
"Wizard","frontend\dashboards\src\components\crown\CrownWizardStepHeader.jsx","24",": ""crown-wizard-step-pill"";"
"Wizard","frontend\dashboards\src\components\dashboard\admissions\AdmissionsApplicantsSnapshotCard.jsx","9","nextStep: 'Final Review',"
"Wizard","frontend\dashboards\src\components\dashboard\admissions\AdmissionsApplicantsSnapshotCard.jsx","15","nextStep: 'Request document',"
"Wizard","frontend\dashboards\src\components\dashboard\admissions\AdmissionsApplicantsSnapshotCard.jsx","21","nextStep: 'Schedule interview',"
"Wizard","frontend\dashboards\src\components\dashboard\admissions\AdmissionsApplicantsSnapshotCard.jsx","27","nextStep: 'Await response',"
"Wizard","frontend\dashboards\src\components\dashboard\admissions\AdmissionsApplicantsSnapshotCard.jsx","33","nextStep: 'Confirm attendance',"
"Wizard","frontend\dashboards\src\components\dashboard\admissions\AdmissionsApplicantsSnapshotCard.jsx","63","<button className=""crown-link"" style={{ fontSize: 12 }}>{row.nextStep}</button>"
"Wizard","frontend\dashboards\src\components\dashboard\board\BoardStrategicSnapshotCard.jsx","5","{ area: 'Enrollment', status: 'Healthy', nextStep: 'Review trend' },"
"Wizard","frontend\dashboards\src\components\dashboard\board\BoardStrategicSnapshotCard.jsx","6","{ area: 'Finance', status: 'Stable', nextStep: 'Open packet' },"
"Wizard","frontend\dashboards\src\components\dashboard\board\BoardStrategicSnapshotCard.jsx","7","{ area: 'Retention', status: 'Watch', nextStep: 'Review grade data' },"
"Wizard","frontend\dashboards\src\components\dashboard\board\BoardStrategicSnapshotCard.jsx","8","{ area: 'Mission Engagement', status: 'Healthy', nextStep: 'Open summary' },"
"Wizard","frontend\dashboards\src\components\dashboard\board\BoardStrategicSnapshotCard.jsx","9","{ area: 'Academic Performance', status: 'Stable', nextStep: 'View report' },"
"Wizard","frontend\dashboards\src\components\dashboard\board\BoardStrategicSnapshotCard.jsx","15","{ key: 'nextStep', label: 'Next View', isLink: true },"
"Wizard","frontend\dashboards\src\components\dashboard\implementationsuccess\ImplementationSuccessQueueCard.jsx","6","'Review admissions wizard configuration gap',"
"Wizard","frontend\dashboards\src\components\dashboard\OperationalSnapshotCard.jsx","7","{ key: 'nextStep', label: 'Next Step', isLink: true },"
"Wizard","frontend\dashboards\src\components\dashboard\OperationalSnapshotCard.jsx","15","nextStep: 'Review file',"
"Wizard","frontend\dashboards\src\components\dashboard\OperationalSnapshotCard.jsx","21","nextStep: 'Contact family',"
"Wizard","frontend\dashboards\src\components\dashboard\OperationalSnapshotCard.jsx","27","nextStep: 'See details',"
"Wizard","frontend\dashboards\src\components\dashboard\OperationalSnapshotCard.jsx","33","nextStep: 'Open record',"
"Wizard","frontend\dashboards\src\components\dashboard\OperationalSnapshotCard.jsx","39","nextStep: 'Review application',"
"Wizard","frontend\dashboards\src\components\wizard\CrownWizardStepper.jsx","2","import { Box, Stepper, Step, StepLabel, Button, Divider } from ""@mui/material"";"
"Wizard","frontend\dashboards\src\components\wizard\CrownWizardStepper.jsx","5","* CrownWizardStepper ??? MUI Stepper shell for linear multi-step flows."
"Wizard","frontend\dashboards\src\components\wizard\CrownWizardStepper.jsx","7","* NOTE: This is the MUI Stepper wrapper."
"Wizard","frontend\dashboards\src\components\wizard\CrownWizardStepper.jsx","8","* For async multi-step wizard business logic use CrownWizard in"
"Wizard","frontend\dashboards\src\components\wizard\CrownWizardStepper.jsx","9","* components/crown/CrownWizard.jsx which wires step components with shared"
"Wizard","frontend\dashboards\src\components\wizard\CrownWizardStepper.jsx","13","*   steps    ??? string[] of step labels shown in the progress stepper"
"Wizard","frontend\dashboards\src\components\wizard\CrownWizardStepper.jsx","17","export default function CrownWizardStepper({ steps = [], children, onFinish }) {"
"Wizard","frontend\dashboards\src\components\wizard\CrownWizardStepper.jsx","21","const isFirst = activeStep === 0;"
"Wizard","frontend\dashboards\src\components\wizard\CrownWizardStepper.jsx","22","const isLast  = activeStep === steps.length - 1;"
"Wizard","frontend\dashboards\src\components\wizard\CrownWizardStepper.jsx","38","<Stepper activeStep={activeStep} sx={{ mb: 3 }}>"
"Wizard","frontend\dashboards\src\components\wizard\CrownWizardStepper.jsx","44","</Stepper>"
"Wizard","frontend\dashboards\src\components\wizards\WizardShell.jsx","8","Stepper,"
"Wizard","frontend\dashboards\src\components\wizards\WizardShell.jsx","12","export default function WizardShell({"
"Wizard","frontend\dashboards\src\components\wizards\WizardShell.jsx","42","<Stepper activeStep={activeStep} alternativeLabel>"
"Wizard","frontend\dashboards\src\components\wizards\WizardShell.jsx","48","</Stepper>"
"Wizard","frontend\dashboards\src\components\wizards\WizardShell.jsx","61","disabled={backDisabled || activeStep === 0 || submitting}"
"Wizard","frontend\dashboards\src\pages\attendance_rules_wizard\Step1Configure.jsx","2","import CrownWizardStepHeader from ""../../components/crown/CrownWizardStepHeader.jsx"";"
"Wizard","frontend\dashboards\src\pages\attendance_rules_wizard\Step1Configure.jsx","3","import { createAttendanceRulesSession, configureAttendanceRulesSession } from ""../../api/attendance_rules_wizard.js"";"
"Wizard","frontend\dashboards\src\pages\attendance_rules_wizard\Step1Configure.jsx","4","import ""../../styles/crown-wizard.css"";"
"Wizard","frontend\dashboards\src\pages\attendance_rules_wizard\Step1Configure.jsx","32","<CrownWizardStepHeader title=""Label & Year"" subtitle=""Name this attendance ruleset and set the school year."" stepIndex={"
"Wizard","frontend\dashboards\src\pages\attendance_rules_wizard\Step1Configure.jsx","33","<div className=""crown-wizard-field"">"
"Wizard","frontend\dashboards\src\pages\attendance_rules_wizard\Step1Configure.jsx","37","<div className=""crown-wizard-field"">"
"Wizard","frontend\dashboards\src\pages\attendance_rules_wizard\Step2Codes.jsx","2","import CrownWizardStepHeader from ""../../components/crown/CrownWizardStepHeader.jsx"";"
"Wizard","frontend\dashboards\src\pages\attendance_rules_wizard\Step2Codes.jsx","3","import { defineCodes } from ""../../api/attendance_rules_wizard.js"";"
"Wizard","frontend\dashboards\src\pages\attendance_rules_wizard\Step2Codes.jsx","4","import ""../../styles/crown-wizard.css"";"
"Wizard","frontend\dashboards\src\pages\attendance_rules_wizard\Step2Codes.jsx","36","<CrownWizardStepHeader title=""Define Codes"" subtitle=""Add attendance codes. Max 8 chars, codes auto-uppercased."" stepInd"
"Wizard","frontend\dashboards\src\pages\attendance_rules_wizard\Step3Preview.jsx","1","import CrownWizardStepHeader from ""../../components/crown/CrownWizardStepHeader.jsx"";"
"Wizard","frontend\dashboards\src\pages\attendance_rules_wizard\Step3Preview.jsx","2","import ""../../styles/crown-wizard.css"";"
"Wizard","frontend\dashboards\src\pages\attendance_rules_wizard\Step3Preview.jsx","8","<CrownWizardStepHeader title=""Preview"" subtitle=""Review attendance codes before committing."" stepIndex={stepIndex} total"
"Wizard","frontend\dashboards\src\pages\attendance_rules_wizard\Step4Commit.jsx","2","import CrownWizardStepHeader from ""../../components/crown/CrownWizardStepHeader.jsx"";"
"Wizard","frontend\dashboards\src\pages\attendance_rules_wizard\Step4Commit.jsx","3","import { commitAttendanceRulesSession } from ""../../api/attendance_rules_wizard.js"";"
"Wizard","frontend\dashboards\src\pages\attendance_rules_wizard\Step4Commit.jsx","4","import ""../../styles/crown-wizard.css"";"
"Wizard","frontend\dashboards\src\pages\attendance_rules_wizard\Step4Commit.jsx","23","<CrownWizardStepHeader title=""Commit"" subtitle=""Save attendance codes. This action is final."" stepIndex={stepIndex} tota"
"Wizard","frontend\dashboards\src\pages\attendance_rules_wizard\Step5Verify.jsx","2","import CrownWizardStepHeader from ""../../components/crown/CrownWizardStepHeader.jsx"";"
"Wizard","frontend\dashboards\src\pages\attendance_rules_wizard\Step5Verify.jsx","3","import { verifyAttendanceRulesSession } from ""../../api/attendance_rules_wizard.js"";"
"Wizard","frontend\dashboards\src\pages\attendance_rules_wizard\Step5Verify.jsx","4","import ""../../styles/crown-wizard.css"";"
"Wizard","frontend\dashboards\src\pages\attendance_rules_wizard\Step5Verify.jsx","6","const STORAGE_KEY = ""crown_attendance_rules_wizard_ctx_v1"";"
"Wizard","frontend\dashboards\src\pages\attendance_rules_wizard\Step5Verify.jsx","22","<CrownWizardStepHeader title=""Verify"" subtitle=""Attendance rules committed."" stepIndex={stepIndex} totalSteps={totalStep"
"Wizard","frontend\dashboards\src\pages\bell_schedule_wizard\Step1Configure.jsx","2","import CrownWizardStepHeader from ""../../components/crown/CrownWizardStepHeader.jsx"";"
"Wizard","frontend\dashboards\src\pages\bell_schedule_wizard\Step1Configure.jsx","3","import { createBellScheduleSession, configureBellScheduleSession } from ""../../api/bell_schedule_wizard.js"";"
"Wizard","frontend\dashboards\src\pages\bell_schedule_wizard\Step1Configure.jsx","4","import ""../../styles/crown-wizard.css"";"
"Wizard","frontend\dashboards\src\pages\bell_schedule_wizard\Step1Configure.jsx","32","<CrownWizardStepHeader title=""Label & Year"" subtitle=""Name this bell schedule and enter the school year."" stepIndex={ste"
"Wizard","frontend\dashboards\src\pages\bell_schedule_wizard\Step1Configure.jsx","33","<div className=""crown-wizard-field"">"
"Wizard","frontend\dashboards\src\pages\bell_schedule_wizard\Step1Configure.jsx","37","<div className=""crown-wizard-field"">"
"Wizard","frontend\dashboards\src\pages\bell_schedule_wizard\Step2Periods.jsx","2","import CrownWizardStepHeader from ""../../components/crown/CrownWizardStepHeader.jsx"";"
"Wizard","frontend\dashboards\src\pages\bell_schedule_wizard\Step2Periods.jsx","3","import { definePeriods } from ""../../api/bell_schedule_wizard.js"";"
"Wizard","frontend\dashboards\src\pages\bell_schedule_wizard\Step2Periods.jsx","4","import ""../../styles/crown-wizard.css"";"
"Wizard","frontend\dashboards\src\pages\bell_schedule_wizard\Step2Periods.jsx","35","<CrownWizardStepHeader title=""Define Periods"" subtitle=""Add bell schedule periods with start/end times."" stepIndex={step"
"Wizard","frontend\dashboards\src\pages\bell_schedule_wizard\Step2Periods.jsx","37","<div key={i} className=""crown-wizard-field"" style={{ display: ""flex"", gap: 8, alignItems: ""center"", marginBottom: 8 }}>"
"Wizard","frontend\dashboards\src\pages\bell_schedule_wizard\Step3Preview.jsx","1","import CrownWizardStepHeader from ""../../components/crown/CrownWizardStepHeader.jsx"";"
"Wizard","frontend\dashboards\src\pages\bell_schedule_wizard\Step3Preview.jsx","2","import ""../../styles/crown-wizard.css"";"
"Wizard","frontend\dashboards\src\pages\bell_schedule_wizard\Step3Preview.jsx","8","<CrownWizardStepHeader title=""Preview"" subtitle=""Review your bell schedule before committing."" stepIndex={stepIndex} tot"
"Wizard","frontend\dashboards\src\pages\bell_schedule_wizard\Step4Commit.jsx","2","import CrownWizardStepHeader from ""../../components/crown/CrownWizardStepHeader.jsx"";"
"Wizard","frontend\dashboards\src\pages\bell_schedule_wizard\Step4Commit.jsx","3","import { commitBellScheduleSession } from ""../../api/bell_schedule_wizard.js"";"
"Wizard","frontend\dashboards\src\pages\bell_schedule_wizard\Step4Commit.jsx","4","import ""../../styles/crown-wizard.css"";"
"Wizard","frontend\dashboards\src\pages\bell_schedule_wizard\Step4Commit.jsx","23","<CrownWizardStepHeader title=""Commit"" subtitle=""Commit the bell schedule. This action is final."" stepIndex={stepIndex} t"
"Wizard","frontend\dashboards\src\pages\bell_schedule_wizard\Step5Verify.jsx","2","import CrownWizardStepHeader from ""../../components/crown/CrownWizardStepHeader.jsx"";"
"Wizard","frontend\dashboards\src\pages\bell_schedule_wizard\Step5Verify.jsx","3","import { verifyBellScheduleSession } from ""../../api/bell_schedule_wizard.js"";"
"Wizard","frontend\dashboards\src\pages\bell_schedule_wizard\Step5Verify.jsx","4","import ""../../styles/crown-wizard.css"";"
"Wizard","frontend\dashboards\src\pages\bell_schedule_wizard\Step5Verify.jsx","6","const STORAGE_KEY = ""crown_bell_schedule_wizard_ctx_v1"";"
"Wizard","frontend\dashboards\src\pages\bell_schedule_wizard\Step5Verify.jsx","22","<CrownWizardStepHeader title=""Verify"" subtitle=""Bell schedule confirmed."" stepIndex={stepIndex} totalSteps={totalSteps} "
"Wizard","frontend\dashboards\src\pages\billing_wizard\Step1Mode.jsx","2","import CrownWizardStepHeader from ""../../components/crown/CrownWizardStepHeader.jsx"";"
"Wizard","frontend\dashboards\src\pages\billing_wizard\Step1Mode.jsx","3","import { createBillingWizardSession, configureWizardSession } from ""../../api/billing_wizard.js"";"
"Wizard","frontend\dashboards\src\pages\billing_wizard\Step1Mode.jsx","4","import ""../../styles/crown-wizard.css"";"
"Wizard","frontend\dashboards\src\pages\billing_wizard\Step1Mode.jsx","26","const created = await createBillingWizardSession();"
"Wizard","frontend\dashboards\src\pages\billing_wizard\Step1Mode.jsx","29","const data = await configureWizardSession(sessionId, term.trim(), mode);"
"Wizard","frontend\dashboards\src\pages\billing_wizard\Step1Mode.jsx","50","<CrownWizardStepHeader"
"Wizard","frontend\dashboards\src\pages\billing_wizard\Step1Mode.jsx","115","<div className=""crown-wizard-actions"">"
"Wizard","frontend\dashboards\src\pages\billing_wizard\Step1Mode.jsx","117","<div className=""crown-wizard-actions-right"">"
"Wizard","frontend\dashboards\src\pages\billing_wizard\Step2Plans.jsx","2","import CrownWizardStepHeader from ""../../components/crown/CrownWizardStepHeader.jsx"";"
"Wizard","frontend\dashboards\src\pages\billing_wizard\Step2Plans.jsx","3","import { savePlans } from ""../../api/billing_wizard.js"";"
"Wizard","frontend\dashboards\src\pages\billing_wizard\Step2Plans.jsx","4","import ""../../styles/crown-wizard.css"";"
"Wizard","frontend\dashboards\src\pages\billing_wizard\Step2Plans.jsx","67","<CrownWizardStepHeader"
"Wizard","frontend\dashboards\src\pages\billing_wizard\Step2Plans.jsx","124","<div className=""crown-wizard-actions"">"
"Wizard","frontend\dashboards\src\pages\billing_wizard\Step2Plans.jsx","126","<div className=""crown-wizard-actions-right"">"
"Wizard","frontend\dashboards\src\pages\billing_wizard\Step3Fees.jsx","2","import CrownWizardStepHeader from ""../../components/crown/CrownWizardStepHeader.jsx"";"
"Wizard","frontend\dashboards\src\pages\billing_wizard\Step3Fees.jsx","3","import { saveFees } from ""../../api/billing_wizard.js"";"
"Wizard","frontend\dashboards\src\pages\billing_wizard\Step3Fees.jsx","4","import ""../../styles/crown-wizard.css"";"
"Wizard","frontend\dashboards\src\pages\billing_wizard\Step3Fees.jsx","76","<CrownWizardStepHeader"
"Wizard","frontend\dashboards\src\pages\billing_wizard\Step3Fees.jsx","137","<div className=""crown-wizard-actions"">"
"Wizard","frontend\dashboards\src\pages\billing_wizard\Step3Fees.jsx","139","<div className=""crown-wizard-actions-right"">"
"Wizard","frontend\dashboards\src\pages\billing_wizard\Step4Schedule.jsx","1","import CrownWizardStepHeader from ""../../components/crown/CrownWizardStepHeader.jsx"";"
"Wizard","frontend\dashboards\src\pages\billing_wizard\Step4Schedule.jsx","2","import ""../../styles/crown-wizard.css"";"
"Wizard","frontend\dashboards\src\pages\billing_wizard\Step4Schedule.jsx","34","<CrownWizardStepHeader"
"Wizard","frontend\dashboards\src\pages\billing_wizard\Step4Schedule.jsx","105","<div className=""crown-wizard-actions"">"
"Wizard","frontend\dashboards\src\pages\billing_wizard\Step4Schedule.jsx","107","<div className=""crown-wizard-actions-right"">"
"Wizard","frontend\dashboards\src\pages\billing_wizard\Step5Commit.jsx","2","import CrownWizardStepHeader from ""../../components/crown/CrownWizardStepHeader.jsx"";"
"Wizard","frontend\dashboards\src\pages\billing_wizard\Step5Commit.jsx","3","import { commitBillingSetup } from ""../../api/billing_wizard.js"";"
"Wizard","frontend\dashboards\src\pages\billing_wizard\Step5Commit.jsx","4","import ""../../styles/crown-wizard.css"";"
"Wizard","frontend\dashboards\src\pages\billing_wizard\Step5Commit.jsx","31","<CrownWizardStepHeader"
"Wizard","frontend\dashboards\src\pages\billing_wizard\Step5Commit.jsx","68","<div className=""crown-wizard-actions"">"
"Wizard","frontend\dashboards\src\pages\billing_wizard\Step5Commit.jsx","70","<div className=""crown-wizard-actions-right"">"
"Wizard","frontend\dashboards\src\pages\billing_wizard\Step6Verify.jsx","2","import CrownWizardStepHeader from ""../../components/crown/CrownWizardStepHeader.jsx"";"
"Wizard","frontend\dashboards\src\pages\billing_wizard\Step6Verify.jsx","3","import { verifyBillingSetup } from ""../../api/billing_wizard.js"";"
"Wizard","frontend\dashboards\src\pages\billing_wizard\Step6Verify.jsx","4","import ""../../styles/crown-wizard.css"";"
"Wizard","frontend\dashboards\src\pages\billing_wizard\Step6Verify.jsx","27","<CrownWizardStepHeader"
"Wizard","frontend\dashboards\src\pages\billing_wizard\Step6Verify.jsx","98","<div className=""crown-wizard-actions"">"
"Wizard","frontend\dashboards\src\pages\billing_wizard\Step6Verify.jsx","100","<div className=""crown-wizard-actions-right"">"
"Wizard","frontend\dashboards\src\pages\comms_wizard\Step1Purpose.jsx","2","import CrownWizardStepHeader from ""../../components/crown/CrownWizardStepHeader.jsx"";"
"Wizard","frontend\dashboards\src\pages\comms_wizard\Step1Purpose.jsx","4","createCommsWizardSession,"
"Wizard","frontend\dashboards\src\pages\comms_wizard\Step1Purpose.jsx","6","} from ""../../api/comms_wizard.js"";"
"Wizard","frontend\dashboards\src\pages\comms_wizard\Step1Purpose.jsx","7","import ""../../styles/crown-wizard.css"";"
"Wizard","frontend\dashboards\src\pages\comms_wizard\Step1Purpose.jsx","37","const created = await createCommsWizardSession();"
"Wizard","frontend\dashboards\src\pages\comms_wizard\Step1Purpose.jsx","62","<CrownWizardStepHeader"
"Wizard","frontend\dashboards\src\pages\comms_wizard\Step2Message.jsx","2","import CrownWizardStepHeader from ""../../components/crown/CrownWizardStepHeader.jsx"";"
"Wizard","frontend\dashboards\src\pages\comms_wizard\Step2Message.jsx","3","import { draftCommsMessage } from ""../../api/comms_wizard.js"";"
"Wizard","frontend\dashboards\src\pages\comms_wizard\Step2Message.jsx","4","import ""../../styles/crown-wizard.css"";"
"Wizard","frontend\dashboards\src\pages\comms_wizard\Step2Message.jsx","32","<CrownWizardStepHeader"
"Wizard","frontend\dashboards\src\pages\comms_wizard\Step3Recipients.jsx","2","import CrownWizardStepHeader from ""../../components/crown/CrownWizardStepHeader.jsx"";"
"Wizard","frontend\dashboards\src\pages\comms_wizard\Step3Recipients.jsx","3","import { stageCommsRecipients } from ""../../api/comms_wizard.js"";"
"Wizard","frontend\dashboards\src\pages\comms_wizard\Step3Recipients.jsx","4","import ""../../styles/crown-wizard.css"";"
"Wizard","frontend\dashboards\src\pages\comms_wizard\Step3Recipients.jsx","57","<CrownWizardStepHeader"
"Wizard","frontend\dashboards\src\pages\comms_wizard\Step4Preview.jsx","1","import CrownWizardStepHeader from ""../../components/crown/CrownWizardStepHeader.jsx"";"
"Wizard","frontend\dashboards\src\pages\comms_wizard\Step4Preview.jsx","2","import ""../../styles/crown-wizard.css"";"
"Wizard","frontend\dashboards\src\pages\comms_wizard\Step4Preview.jsx","11","<CrownWizardStepHeader"
"Wizard","frontend\dashboards\src\pages\comms_wizard\Step5Commit.jsx","2","import CrownWizardStepHeader from ""../../components/crown/CrownWizardStepHeader.jsx"";"
"Wizard","frontend\dashboards\src\pages\comms_wizard\Step5Commit.jsx","3","import { commitCommsSetup } from ""../../api/comms_wizard.js"";"
"Wizard","frontend\dashboards\src\pages\comms_wizard\Step5Commit.jsx","4","import ""../../styles/crown-wizard.css"";"
"Wizard","frontend\dashboards\src\pages\comms_wizard\Step5Commit.jsx","33","<CrownWizardStepHeader"
"Wizard","frontend\dashboards\src\pages\comms_wizard\Step6Verify.jsx","2","import CrownWizardStepHeader from ""../../components/crown/CrownWizardStepHeader.jsx"";"
"Wizard","frontend\dashboards\src\pages\comms_wizard\Step6Verify.jsx","3","import { verifyCommsSetup } from ""../../api/comms_wizard.js"";"
"Wizard","frontend\dashboards\src\pages\comms_wizard\Step6Verify.jsx","4","import ""../../styles/crown-wizard.css"";"
"Wizard","frontend\dashboards\src\pages\comms_wizard\Step6Verify.jsx","6","const STORAGE_KEY = ""crown_comms_wizard_ctx_v1"";"
"Wizard","frontend\dashboards\src\pages\comms_wizard\Step6Verify.jsx","29","<CrownWizardStepHeader"
"Wizard","frontend\dashboards\src\pages\enrollment_conversion_wizard\Step1Configure.jsx","2","import CrownWizardStepHeader from ""../../components/crown/CrownWizardStepHeader.jsx"";"
"Wizard","frontend\dashboards\src\pages\enrollment_conversion_wizard\Step1Configure.jsx","3","import { createEnrollmentConversionSession, configureEnrollmentConversionSession } from ""../../api/enrollment_conversion"
"Wizard","frontend\dashboards\src\pages\enrollment_conversion_wizard\Step1Configure.jsx","4","import ""../../styles/crown-wizard.css"";"
"Wizard","frontend\dashboards\src\pages\enrollment_conversion_wizard\Step1Configure.jsx","33","<CrownWizardStepHeader title=""Configure"" subtitle=""Set the academic year and source application status."" stepIndex={step"
"Wizard","frontend\dashboards\src\pages\enrollment_conversion_wizard\Step1Configure.jsx","34","<div className=""crown-wizard-field"">"
"Wizard","frontend\dashboards\src\pages\enrollment_conversion_wizard\Step1Configure.jsx","38","<div className=""crown-wizard-field"">"
"Wizard","frontend\dashboards\src\pages\enrollment_conversion_wizard\Step2Load.jsx","2","import CrownWizardStepHeader from ""../../components/crown/CrownWizardStepHeader.jsx"";"
"Wizard","frontend\dashboards\src\pages\enrollment_conversion_wizard\Step2Load.jsx","3","import { loadApplicants } from ""../../api/enrollment_conversion_wizard.js"";"
"Wizard","frontend\dashboards\src\pages\enrollment_conversion_wizard\Step2Load.jsx","4","import ""../../styles/crown-wizard.css"";"
"Wizard","frontend\dashboards\src\pages\enrollment_conversion_wizard\Step2Load.jsx","26","<CrownWizardStepHeader title=""Load Applicants"" subtitle=""Load applicants matching your configuration."" stepIndex={stepIn"
"Wizard","frontend\dashboards\src\pages\enrollment_conversion_wizard\Step3Preview.jsx","1","import CrownWizardStepHeader from ""../../components/crown/CrownWizardStepHeader.jsx"";"
"Wizard","frontend\dashboards\src\pages\enrollment_conversion_wizard\Step3Preview.jsx","2","import ""../../styles/crown-wizard.css"";"
"Wizard","frontend\dashboards\src\pages\enrollment_conversion_wizard\Step3Preview.jsx","7","<CrownWizardStepHeader title=""Preview"" subtitle=""Confirm conversion before committing."" stepIndex={stepIndex} totalSteps"
"Wizard","frontend\dashboards\src\pages\enrollment_conversion_wizard\Step4Commit.jsx","2","import CrownWizardStepHeader from ""../../components/crown/CrownWizardStepHeader.jsx"";"
"Wizard","frontend\dashboards\src\pages\enrollment_conversion_wizard\Step4Commit.jsx","3","import { commitEnrollmentConversionSession } from ""../../api/enrollment_conversion_wizard.js"";"
"Wizard","frontend\dashboards\src\pages\enrollment_conversion_wizard\Step4Commit.jsx","4","import ""../../styles/crown-wizard.css"";"
"Wizard","frontend\dashboards\src\pages\enrollment_conversion_wizard\Step4Commit.jsx","23","<CrownWizardStepHeader title=""Commit"" subtitle=""Enroll applicants now."" stepIndex={stepIndex} totalSteps={totalSteps} st"
"Wizard","frontend\dashboards\src\pages\enrollment_conversion_wizard\Step5Verify.jsx","2","import CrownWizardStepHeader from ""../../components/crown/CrownWizardStepHeader.jsx"";"
"Wizard","frontend\dashboards\src\pages\enrollment_conversion_wizard\Step5Verify.jsx","3","import { verifyEnrollmentConversionSession } from ""../../api/enrollment_conversion_wizard.js"";"
"Wizard","frontend\dashboards\src\pages\enrollment_conversion_wizard\Step5Verify.jsx","4","import ""../../styles/crown-wizard.css"";"
"Wizard","frontend\dashboards\src\pages\enrollment_conversion_wizard\Step5Verify.jsx","6","const STORAGE_KEY = ""crown_enrollment_conversion_wizard_ctx_v1"";"
"Wizard","frontend\dashboards\src\pages\enrollment_conversion_wizard\Step5Verify.jsx","22","<CrownWizardStepHeader title=""Verify"" subtitle=""Enrollment conversion complete."" stepIndex={stepIndex} totalSteps={total"
"Wizard","frontend\dashboards\src\pages\financial_aid_wizard\Step1Year.jsx","2","import CrownWizardStepHeader from ""../../components/crown/CrownWizardStepHeader.jsx"";"
"Wizard","frontend\dashboards\src\pages\financial_aid_wizard\Step1Year.jsx","3","import { createAidWizardSession, configureAidWizardSession } from ""../../api/financial_aid_wizard.js"";"
"Wizard","frontend\dashboards\src\pages\financial_aid_wizard\Step1Year.jsx","4","import ""../../styles/crown-wizard.css"";"
"Wizard","frontend\dashboards\src\pages\financial_aid_wizard\Step1Year.jsx","20","const created = await createAidWizardSession();"
"Wizard","frontend\dashboards\src\pages\financial_aid_wizard\Step1Year.jsx","23","const data = await configureAidWizardSession(sessionId, aidYear.trim());"
"Wizard","frontend\dashboards\src\pages\financial_aid_wizard\Step1Year.jsx","43","<CrownWizardStepHeader"
"Wizard","frontend\dashboards\src\pages\financial_aid_wizard\Step2Buckets.jsx","2","import CrownWizardStepHeader from ""../../components/crown/CrownWizardStepHeader.jsx"";"
"Wizard","frontend\dashboards\src\pages\financial_aid_wizard\Step2Buckets.jsx","3","import { saveAidBuckets } from ""../../api/financial_aid_wizard.js"";"
"Wizard","frontend\dashboards\src\pages\financial_aid_wizard\Step2Buckets.jsx","4","import ""../../styles/crown-wizard.css"";"
"Wizard","frontend\dashboards\src\pages\financial_aid_wizard\Step2Buckets.jsx","42","<CrownWizardStepHeader"
"Wizard","frontend\dashboards\src\pages\financial_aid_wizard\Step3Awards.jsx","2","import CrownWizardStepHeader from ""../../components/crown/CrownWizardStepHeader.jsx"";"
"Wizard","frontend\dashboards\src\pages\financial_aid_wizard\Step3Awards.jsx","3","import { stageAidAwards } from ""../../api/financial_aid_wizard.js"";"
"Wizard","frontend\dashboards\src\pages\financial_aid_wizard\Step3Awards.jsx","4","import ""../../styles/crown-wizard.css"";"
"Wizard","frontend\dashboards\src\pages\financial_aid_wizard\Step3Awards.jsx","76","<CrownWizardStepHeader"
"Wizard","frontend\dashboards\src\pages\financial_aid_wizard\Step4Preview.jsx","1","import CrownWizardStepHeader from ""../../components/crown/CrownWizardStepHeader.jsx"";"
"Wizard","frontend\dashboards\src\pages\financial_aid_wizard\Step4Preview.jsx","2","import ""../../styles/crown-wizard.css"";"
"Wizard","frontend\dashboards\src\pages\financial_aid_wizard\Step4Preview.jsx","24","<CrownWizardStepHeader"
"Wizard","frontend\dashboards\src\pages\financial_aid_wizard\Step5Commit.jsx","2","import CrownWizardStepHeader from ""../../components/crown/CrownWizardStepHeader.jsx"";"
"Wizard","frontend\dashboards\src\pages\financial_aid_wizard\Step5Commit.jsx","3","import { commitAidSetup } from ""../../api/financial_aid_wizard.js"";"
"Wizard","frontend\dashboards\src\pages\financial_aid_wizard\Step5Commit.jsx","4","import ""../../styles/crown-wizard.css"";"
"Wizard","frontend\dashboards\src\pages\financial_aid_wizard\Step5Commit.jsx","31","<CrownWizardStepHeader"
"Wizard","frontend\dashboards\src\pages\financial_aid_wizard\Step6Verify.jsx","2","import CrownWizardStepHeader from ""../../components/crown/CrownWizardStepHeader.jsx"";"
"Wizard","frontend\dashboards\src\pages\financial_aid_wizard\Step6Verify.jsx","3","import { verifyAidSetup } from ""../../api/financial_aid_wizard.js"";"
"Wizard","frontend\dashboards\src\pages\financial_aid_wizard\Step6Verify.jsx","4","import ""../../styles/crown-wizard.css"";"
"Wizard","frontend\dashboards\src\pages\financial_aid_wizard\Step6Verify.jsx","31","try { sessionStorage.removeItem(""crown_aid_wizard_ctx_v1""); } catch { /* ignore */ }"
"Wizard","frontend\dashboards\src\pages\financial_aid_wizard\Step6Verify.jsx","38","<CrownWizardStepHeader"
"Wizard","frontend\dashboards\src\pages\gradebook_setup_wizard\Step1Configure.jsx","3","import CrownWizardStepHeader from ""../../components/crown/CrownWizardStepHeader.jsx"";"
"Wizard","frontend\dashboards\src\pages\gradebook_setup_wizard\Step1Configure.jsx","4","import { createGradebookSetupSession, configureGradebookSetupSession } from ""../../api/gradebook_setup_wizard.js"";"
"Wizard","frontend\dashboards\src\pages\gradebook_setup_wizard\Step1Configure.jsx","5","import ""../../styles/crown-wizard.css"";"
"Wizard","frontend\dashboards\src\pages\gradebook_setup_wizard\Step1Configure.jsx","31","<CrownWizardStepHeader title=""Select Section"" subtitle=""Enter the section UUID for gradebook category setup."" stepIndex="
"Wizard","frontend\dashboards\src\pages\gradebook_setup_wizard\Step1Configure.jsx","32","<div className=""crown-wizard-field"">"
"Wizard","frontend\dashboards\src\pages\gradebook_setup_wizard\Step2Categories.jsx","2","import CrownWizardStepHeader from ""../../components/crown/CrownWizardStepHeader.jsx"";"
"Wizard","frontend\dashboards\src\pages\gradebook_setup_wizard\Step2Categories.jsx","3","import { defineCategories } from ""../../api/gradebook_setup_wizard.js"";"
"Wizard","frontend\dashboards\src\pages\gradebook_setup_wizard\Step2Categories.jsx","4","import ""../../styles/crown-wizard.css"";"
"Wizard","frontend\dashboards\src\pages\gradebook_setup_wizard\Step2Categories.jsx","36","<CrownWizardStepHeader title=""Define Categories"" subtitle=""Define assignment categories. Weights must sum to 0 or 100."" "
"Wizard","frontend\dashboards\src\pages\gradebook_setup_wizard\Step3Preview.jsx","1","import CrownWizardStepHeader from ""../../components/crown/CrownWizardStepHeader.jsx"";"
"Wizard","frontend\dashboards\src\pages\gradebook_setup_wizard\Step3Preview.jsx","2","import ""../../styles/crown-wizard.css"";"
"Wizard","frontend\dashboards\src\pages\gradebook_setup_wizard\Step3Preview.jsx","9","<CrownWizardStepHeader title=""Preview"" subtitle=""Review gradebook categories before committing."" stepIndex={stepIndex} t"
"Wizard","frontend\dashboards\src\pages\gradebook_setup_wizard\Step4Commit.jsx","2","import CrownWizardStepHeader from ""../../components/crown/CrownWizardStepHeader.jsx"";"
"Wizard","frontend\dashboards\src\pages\gradebook_setup_wizard\Step4Commit.jsx","3","import { commitGradebookSetupSession } from ""../../api/gradebook_setup_wizard.js"";"
"Wizard","frontend\dashboards\src\pages\gradebook_setup_wizard\Step4Commit.jsx","4","import ""../../styles/crown-wizard.css"";"
"Wizard","frontend\dashboards\src\pages\gradebook_setup_wizard\Step4Commit.jsx","23","<CrownWizardStepHeader title=""Commit"" subtitle=""Save gradebook categories to the database."" stepIndex={stepIndex} totalS"
"Wizard","frontend\dashboards\src\pages\gradebook_setup_wizard\Step5Verify.jsx","2","import CrownWizardStepHeader from ""../../components/crown/CrownWizardStepHeader.jsx"";"
"Wizard","frontend\dashboards\src\pages\gradebook_setup_wizard\Step5Verify.jsx","3","import { verifyGradebookSetupSession } from ""../../api/gradebook_setup_wizard.js"";"
"Wizard","frontend\dashboards\src\pages\gradebook_setup_wizard\Step5Verify.jsx","4","import ""../../styles/crown-wizard.css"";"
"Wizard","frontend\dashboards\src\pages\gradebook_setup_wizard\Step5Verify.jsx","6","const STORAGE_KEY = ""crown_gradebook_setup_wizard_ctx_v1"";"
"Wizard","frontend\dashboards\src\pages\gradebook_setup_wizard\Step5Verify.jsx","22","<CrownWizardStepHeader title=""Verify"" subtitle=""Gradebook categories saved."" stepIndex={stepIndex} totalSteps={totalStep"
"Wizard","frontend\dashboards\src\pages\invoice_run_wizard\Step1Configure.jsx","2","import CrownWizardStepHeader from ""../../components/crown/CrownWizardStepHeader.jsx"";"
"Wizard","frontend\dashboards\src\pages\invoice_run_wizard\Step1Configure.jsx","3","import { createInvoiceRunSession, configureInvoiceRunSession } from ""../../api/invoice_run_wizard.js"";"
"Wizard","frontend\dashboards\src\pages\invoice_run_wizard\Step1Configure.jsx","4","import ""../../styles/crown-wizard.css"";"
"Wizard","frontend\dashboards\src\pages\invoice_run_wizard\Step1Configure.jsx","34","<CrownWizardStepHeader title=""Configure Period"" subtitle=""Set billing period dates and invoice due date."" stepIndex={ste"
"Wizard","frontend\dashboards\src\pages\invoice_run_wizard\Step1Configure.jsx","35","<div className=""crown-wizard-field"">"
"Wizard","frontend\dashboards\src\pages\invoice_run_wizard\Step1Configure.jsx","39","<div className=""crown-wizard-field"">"
"Wizard","frontend\dashboards\src\pages\invoice_run_wizard\Step1Configure.jsx","43","<div className=""crown-wizard-field"">"
"Wizard","frontend\dashboards\src\pages\invoice_run_wizard\Step2Load.jsx","2","import CrownWizardStepHeader from ""../../components/crown/CrownWizardStepHeader.jsx"";"
"Wizard","frontend\dashboards\src\pages\invoice_run_wizard\Step2Load.jsx","3","import { loadObligations } from ""../../api/invoice_run_wizard.js"";"
"Wizard","frontend\dashboards\src\pages\invoice_run_wizard\Step2Load.jsx","4","import ""../../styles/crown-wizard.css"";"
"Wizard","frontend\dashboards\src\pages\invoice_run_wizard\Step2Load.jsx","26","<CrownWizardStepHeader title=""Load Obligations"" subtitle=""Load open billing obligations for this period."" stepIndex={ste"
"Wizard","frontend\dashboards\src\pages\invoice_run_wizard\Step3Preview.jsx","1","import CrownWizardStepHeader from ""../../components/crown/CrownWizardStepHeader.jsx"";"
"Wizard","frontend\dashboards\src\pages\invoice_run_wizard\Step3Preview.jsx","2","import ""../../styles/crown-wizard.css"";"
"Wizard","frontend\dashboards\src\pages\invoice_run_wizard\Step3Preview.jsx","7","<CrownWizardStepHeader title=""Preview"" subtitle=""Review invoice run before committing."" stepIndex={stepIndex} totalSteps"
"Wizard","frontend\dashboards\src\pages\invoice_run_wizard\Step4Commit.jsx","2","import CrownWizardStepHeader from ""../../components/crown/CrownWizardStepHeader.jsx"";"
"Wizard","frontend\dashboards\src\pages\invoice_run_wizard\Step4Commit.jsx","3","import { commitInvoiceRunSession } from ""../../api/invoice_run_wizard.js"";"
"Wizard","frontend\dashboards\src\pages\invoice_run_wizard\Step4Commit.jsx","4","import ""../../styles/crown-wizard.css"";"
"Wizard","frontend\dashboards\src\pages\invoice_run_wizard\Step4Commit.jsx","23","<CrownWizardStepHeader title=""Commit"" subtitle=""Generate invoices. This action cannot be undone."" stepIndex={stepIndex} "
"Wizard","frontend\dashboards\src\pages\invoice_run_wizard\Step5Verify.jsx","2","import CrownWizardStepHeader from ""../../components/crown/CrownWizardStepHeader.jsx"";"
"Wizard","frontend\dashboards\src\pages\invoice_run_wizard\Step5Verify.jsx","3","import { verifyInvoiceRunSession } from ""../../api/invoice_run_wizard.js"";"
"Wizard","frontend\dashboards\src\pages\invoice_run_wizard\Step5Verify.jsx","4","import ""../../styles/crown-wizard.css"";"
"Wizard","frontend\dashboards\src\pages\invoice_run_wizard\Step5Verify.jsx","6","const STORAGE_KEY = ""crown_invoice_run_wizard_ctx_v1"";"
"Wizard","frontend\dashboards\src\pages\invoice_run_wizard\Step5Verify.jsx","22","<CrownWizardStepHeader title=""Verify"" subtitle=""Invoice run complete."" stepIndex={stepIndex} totalSteps={totalSteps} ste"
"Wizard","frontend\dashboards\src\pages\onboarding\Step1ChooseMode.jsx","2","import CrownWizardStepHeader from ""../../components/crown/CrownWizardStepHeader.jsx"";"
"Wizard","frontend\dashboards\src\pages\onboarding\Step1ChooseMode.jsx","3","import ""../../styles/crown-wizard.css"";"
"Wizard","frontend\dashboards\src\pages\onboarding\Step1ChooseMode.jsx","21","<CrownWizardStepHeader"
"Wizard","frontend\dashboards\src\pages\onboarding\Step1ChooseMode.jsx","59","<div className=""crown-wizard-actions"">"
"Wizard","frontend\dashboards\src\pages\onboarding\Step1ChooseMode.jsx","61","<div className=""crown-wizard-actions-right"">"
"Wizard","frontend\dashboards\src\pages\onboarding\Step2Upload.jsx","2","import CrownWizardStepHeader from ""../../components/crown/CrownWizardStepHeader.jsx"";"
"Wizard","frontend\dashboards\src\pages\onboarding\Step2Upload.jsx","4","import ""../../styles/crown-wizard.css"";"
"Wizard","frontend\dashboards\src\pages\onboarding\Step2Upload.jsx","35","<CrownWizardStepHeader"
"Wizard","frontend\dashboards\src\pages\onboarding\Step2Upload.jsx","65","<div className=""crown-wizard-actions"">"
"Wizard","frontend\dashboards\src\pages\onboarding\Step2Upload.jsx","67","<div className=""crown-wizard-actions-right"">"
"Wizard","frontend\dashboards\src\pages\onboarding\Step3Validate.jsx","2","import CrownWizardStepHeader from ""../../components/crown/CrownWizardStepHeader.jsx"";"
"Wizard","frontend\dashboards\src\pages\onboarding\Step3Validate.jsx","4","import ""../../styles/crown-wizard.css"";"
"Wizard","frontend\dashboards\src\pages\onboarding\Step3Validate.jsx","30","<CrownWizardStepHeader"
"Wizard","frontend\dashboards\src\pages\onboarding\Step3Validate.jsx","101","<div className=""crown-wizard-actions"">"
"Wizard","frontend\dashboards\src\pages\onboarding\Step3Validate.jsx","103","<div className=""crown-wizard-actions-right"">"
"Wizard","frontend\dashboards\src\pages\onboarding\Step4Preview.jsx","2","import CrownWizardStepHeader from ""../../components/crown/CrownWizardStepHeader.jsx"";"
"Wizard","frontend\dashboards\src\pages\onboarding\Step4Preview.jsx","4","import ""../../styles/crown-wizard.css"";"
"Wizard","frontend\dashboards\src\pages\onboarding\Step4Preview.jsx","36","<CrownWizardStepHeader"
"Wizard","frontend\dashboards\src\pages\onboarding\Step4Preview.jsx","91","<div className=""crown-wizard-actions"">"
"Wizard","frontend\dashboards\src\pages\onboarding\Step4Preview.jsx","93","<div className=""crown-wizard-actions-right"">"
"Wizard","frontend\dashboards\src\pages\onboarding\Step5Commit.jsx","2","import CrownWizardStepHeader from ""../../components/crown/CrownWizardStepHeader.jsx"";"
"Wizard","frontend\dashboards\src\pages\onboarding\Step5Commit.jsx","4","import ""../../styles/crown-wizard.css"";"
"Wizard","frontend\dashboards\src\pages\onboarding\Step5Commit.jsx","31","<CrownWizardStepHeader"
"Wizard","frontend\dashboards\src\pages\onboarding\Step5Commit.jsx","72","<div className=""crown-wizard-actions"">"
"Wizard","frontend\dashboards\src\pages\onboarding\Step5Commit.jsx","74","<div className=""crown-wizard-actions-right"">"
"Wizard","frontend\dashboards\src\pages\onboarding\Step6Verify.jsx","2","import CrownWizardStepHeader from ""../../components/crown/CrownWizardStepHeader.jsx"";"
"Wizard","frontend\dashboards\src\pages\onboarding\Step6Verify.jsx","4","import ""../../styles/crown-wizard.css"";"
"Wizard","frontend\dashboards\src\pages\onboarding\Step6Verify.jsx","35","// Navigate back to step 0 via page reload trick ? wizard owns step state"
"Wizard","frontend\dashboards\src\pages\onboarding\Step6Verify.jsx","36","// Parent will re-mount CrownWizard when importId is cleared"
"Wizard","frontend\dashboards\src\pages\onboarding\Step6Verify.jsx","48","<CrownWizardStepHeader"
"Wizard","frontend\dashboards\src\pages\onboarding\Step6Verify.jsx","94","<div className=""crown-wizard-actions"">"
"Wizard","frontend\dashboards\src\pages\onboarding\Step6Verify.jsx","96","<div className=""crown-wizard-actions-right"">"
"Wizard","frontend\dashboards\src\pages\reenrollment\Step1Config.jsx","2","import CrownWizardStepHeader from ""../../components/crown/CrownWizardStepHeader.jsx"";"
"Wizard","frontend\dashboards\src\pages\reenrollment\Step1Config.jsx","4","import ""../../styles/crown-wizard.css"";"
"Wizard","frontend\dashboards\src\pages\reenrollment\Step1Config.jsx","47","<CrownWizardStepHeader"
"Wizard","frontend\dashboards\src\pages\reenrollment\Step1Config.jsx","91","<div className=""crown-wizard-actions"">"
"Wizard","frontend\dashboards\src\pages\reenrollment\Step1Config.jsx","93","<div className=""crown-wizard-actions-right"">"
"Wizard","frontend\dashboards\src\pages\reenrollment\Step2Candidates.jsx","2","import CrownWizardStepHeader from ""../../components/crown/CrownWizardStepHeader.jsx"";"
"Wizard","frontend\dashboards\src\pages\reenrollment\Step2Candidates.jsx","4","import ""../../styles/crown-wizard.css"";"
"Wizard","frontend\dashboards\src\pages\reenrollment\Step2Candidates.jsx","30","<CrownWizardStepHeader"
"Wizard","frontend\dashboards\src\pages\reenrollment\Step2Candidates.jsx","82","<div className=""crown-wizard-actions"">"
"Wizard","frontend\dashboards\src\pages\reenrollment\Step2Candidates.jsx","84","<div className=""crown-wizard-actions-right"">"
"Wizard","frontend\dashboards\src\pages\reenrollment\Step3Select.jsx","2","import CrownWizardStepHeader from ""../../components/crown/CrownWizardStepHeader.jsx"";"
"Wizard","frontend\dashboards\src\pages\reenrollment\Step3Select.jsx","4","import ""../../styles/crown-wizard.css"";"
"Wizard","frontend\dashboards\src\pages\reenrollment\Step3Select.jsx","40","<CrownWizardStepHeader"
"Wizard","frontend\dashboards\src\pages\reenrollment\Step3Select.jsx","95","<div className=""crown-wizard-actions"">"
"Wizard","frontend\dashboards\src\pages\reenrollment\Step3Select.jsx","97","<div className=""crown-wizard-actions-right"">"
"Wizard","frontend\dashboards\src\pages\reenrollment\Step4Preview.jsx","1","import CrownWizardStepHeader from ""../../components/crown/CrownWizardStepHeader.jsx"";"
"Wizard","frontend\dashboards\src\pages\reenrollment\Step4Preview.jsx","2","import ""../../styles/crown-wizard.css"";"
"Wizard","frontend\dashboards\src\pages\reenrollment\Step4Preview.jsx","16","<CrownWizardStepHeader"
"Wizard","frontend\dashboards\src\pages\reenrollment\Step4Preview.jsx","71","<div className=""crown-wizard-actions"">"
"Wizard","frontend\dashboards\src\pages\reenrollment\Step4Preview.jsx","73","<div className=""crown-wizard-actions-right"">"
"Wizard","frontend\dashboards\src\pages\reenrollment\Step5Commit.jsx","2","import CrownWizardStepHeader from ""../../components/crown/CrownWizardStepHeader.jsx"";"
"Wizard","frontend\dashboards\src\pages\reenrollment\Step5Commit.jsx","4","import ""../../styles/crown-wizard.css"";"
"Wizard","frontend\dashboards\src\pages\reenrollment\Step5Commit.jsx","29","<CrownWizardStepHeader"
"Wizard","frontend\dashboards\src\pages\reenrollment\Step5Commit.jsx","70","<div className=""crown-wizard-actions"">"
"Wizard","frontend\dashboards\src\pages\reenrollment\Step5Commit.jsx","72","<div className=""crown-wizard-actions-right"">"
"Wizard","frontend\dashboards\src\pages\reenrollment\Step6Verify.jsx","2","import CrownWizardStepHeader from ""../../components/crown/CrownWizardStepHeader.jsx"";"
"Wizard","frontend\dashboards\src\pages\reenrollment\Step6Verify.jsx","4","import ""../../styles/crown-wizard.css"";"
"Wizard","frontend\dashboards\src\pages\reenrollment\Step6Verify.jsx","28","<CrownWizardStepHeader"
"Wizard","frontend\dashboards\src\pages\scheduling_wizard\Step1Term.jsx","2","import CrownWizardStepHeader from ""../../components/crown/CrownWizardStepHeader.jsx"";"
"Wizard","frontend\dashboards\src\pages\scheduling_wizard\Step1Term.jsx","4","createSchedulingWizardSession,"
"Wizard","frontend\dashboards\src\pages\scheduling_wizard\Step1Term.jsx","6","} from ""../../api/scheduling_wizard.js"";"
"Wizard","frontend\dashboards\src\pages\scheduling_wizard\Step1Term.jsx","7","import ""../../styles/crown-wizard.css"";"
"Wizard","frontend\dashboards\src\pages\scheduling_wizard\Step1Term.jsx","26","const created = await createSchedulingWizardSession();"
"Wizard","frontend\dashboards\src\pages\scheduling_wizard\Step1Term.jsx","50","<CrownWizardStepHeader"
"Wizard","frontend\dashboards\src\pages\scheduling_wizard\Step2Courses.jsx","2","import CrownWizardStepHeader from ""../../components/crown/CrownWizardStepHeader.jsx"";"
"Wizard","frontend\dashboards\src\pages\scheduling_wizard\Step2Courses.jsx","3","import { saveSchedulingCourses } from ""../../api/scheduling_wizard.js"";"
"Wizard","frontend\dashboards\src\pages\scheduling_wizard\Step2Courses.jsx","4","import ""../../styles/crown-wizard.css"";"
"Wizard","frontend\dashboards\src\pages\scheduling_wizard\Step2Courses.jsx","60","<CrownWizardStepHeader"
"Wizard","frontend\dashboards\src\pages\scheduling_wizard\Step3Sections.jsx","2","import CrownWizardStepHeader from ""../../components/crown/CrownWizardStepHeader.jsx"";"
"Wizard","frontend\dashboards\src\pages\scheduling_wizard\Step3Sections.jsx","3","import { stageSchedulingSections } from ""../../api/scheduling_wizard.js"";"
"Wizard","frontend\dashboards\src\pages\scheduling_wizard\Step3Sections.jsx","4","import ""../../styles/crown-wizard.css"";"
"Wizard","frontend\dashboards\src\pages\scheduling_wizard\Step3Sections.jsx","58","<CrownWizardStepHeader"
"Wizard","frontend\dashboards\src\pages\scheduling_wizard\Step4Preview.jsx","1","import CrownWizardStepHeader from ""../../components/crown/CrownWizardStepHeader.jsx"";"
"Wizard","frontend\dashboards\src\pages\scheduling_wizard\Step4Preview.jsx","2","import ""../../styles/crown-wizard.css"";"
"Wizard","frontend\dashboards\src\pages\scheduling_wizard\Step4Preview.jsx","20","<CrownWizardStepHeader"
"Wizard","frontend\dashboards\src\pages\scheduling_wizard\Step5Commit.jsx","2","import CrownWizardStepHeader from ""../../components/crown/CrownWizardStepHeader.jsx"";"
"Wizard","frontend\dashboards\src\pages\scheduling_wizard\Step5Commit.jsx","3","import { commitSchedulingSetup } from ""../../api/scheduling_wizard.js"";"
"Wizard","frontend\dashboards\src\pages\scheduling_wizard\Step5Commit.jsx","4","import ""../../styles/crown-wizard.css"";"
"Wizard","frontend\dashboards\src\pages\scheduling_wizard\Step5Commit.jsx","32","<CrownWizardStepHeader"
"Wizard","frontend\dashboards\src\pages\scheduling_wizard\Step6Verify.jsx","2","import CrownWizardStepHeader from ""../../components/crown/CrownWizardStepHeader.jsx"";"
"Wizard","frontend\dashboards\src\pages\scheduling_wizard\Step6Verify.jsx","3","import { verifySchedulingSetup } from ""../../api/scheduling_wizard.js"";"
"Wizard","frontend\dashboards\src\pages\scheduling_wizard\Step6Verify.jsx","4","import ""../../styles/crown-wizard.css"";"
"Wizard","frontend\dashboards\src\pages\scheduling_wizard\Step6Verify.jsx","6","const STORAGE_KEY = ""crown_scheduling_wizard_ctx_v1"";"
"Wizard","frontend\dashboards\src\pages\scheduling_wizard\Step6Verify.jsx","27","<CrownWizardStepHeader"
"Wizard","frontend\dashboards\src\pages\section_assign_wizard\Step1Section.jsx","3","import CrownWizardStepHeader from ""../../components/crown/CrownWizardStepHeader.jsx"";"
"Wizard","frontend\dashboards\src\pages\section_assign_wizard\Step1Section.jsx","4","import { createSectionAssignSession, configureSectionAssignSession } from ""../../api/section_assign_wizard.js"";"
"Wizard","frontend\dashboards\src\pages\section_assign_wizard\Step1Section.jsx","5","import ""../../styles/crown-wizard.css"";"
"Wizard","frontend\dashboards\src\pages\section_assign_wizard\Step1Section.jsx","36","<CrownWizardStepHeader"
"Wizard","frontend\dashboards\src\pages\section_assign_wizard\Step2LoadStudents.jsx","3","import CrownWizardStepHeader from ""../../components/crown/CrownWizardStepHeader.jsx"";"
"Wizard","frontend\dashboards\src\pages\section_assign_wizard\Step2LoadStudents.jsx","4","import { loadStudents } from ""../../api/section_assign_wizard.js"";"
"Wizard","frontend\dashboards\src\pages\section_assign_wizard\Step2LoadStudents.jsx","5","import ""../../styles/crown-wizard.css"";"
"Wizard","frontend\dashboards\src\pages\section_assign_wizard\Step2LoadStudents.jsx","38","<CrownWizardStepHeader"
"Wizard","frontend\dashboards\src\pages\section_assign_wizard\Step3StageRoster.jsx","2","import CrownWizardStepHeader from ""../../components/crown/CrownWizardStepHeader.jsx"";"
"Wizard","frontend\dashboards\src\pages\section_assign_wizard\Step3StageRoster.jsx","3","import { stageRoster } from ""../../api/section_assign_wizard.js"";"
"Wizard","frontend\dashboards\src\pages\section_assign_wizard\Step3StageRoster.jsx","4","import ""../../styles/crown-wizard.css"";"
"Wizard","frontend\dashboards\src\pages\section_assign_wizard\Step3StageRoster.jsx","42","<CrownWizardStepHeader"
"Wizard","frontend\dashboards\src\pages\section_assign_wizard\Step4Preview.jsx","1","import CrownWizardStepHeader from ""../../components/crown/CrownWizardStepHeader.jsx"";"
"Wizard","frontend\dashboards\src\pages\section_assign_wizard\Step4Preview.jsx","2","import ""../../styles/crown-wizard.css"";"
"Wizard","frontend\dashboards\src\pages\section_assign_wizard\Step4Preview.jsx","11","<CrownWizardStepHeader"
"Wizard","frontend\dashboards\src\pages\section_assign_wizard\Step5Commit.jsx","2","import CrownWizardStepHeader from ""../../components/crown/CrownWizardStepHeader.jsx"";"
"Wizard","frontend\dashboards\src\pages\section_assign_wizard\Step5Commit.jsx","3","import { commitSectionAssign } from ""../../api/section_assign_wizard.js"";"
"Wizard","frontend\dashboards\src\pages\section_assign_wizard\Step5Commit.jsx","4","import ""../../styles/crown-wizard.css"";"
"Wizard","frontend\dashboards\src\pages\section_assign_wizard\Step5Commit.jsx","33","<CrownWizardStepHeader"
"Wizard","frontend\dashboards\src\pages\section_assign_wizard\Step6Verify.jsx","2","import CrownWizardStepHeader from ""../../components/crown/CrownWizardStepHeader.jsx"";"
"Wizard","frontend\dashboards\src\pages\section_assign_wizard\Step6Verify.jsx","3","import { verifySectionAssign } from ""../../api/section_assign_wizard.js"";"
"Wizard","frontend\dashboards\src\pages\section_assign_wizard\Step6Verify.jsx","4","import ""../../styles/crown-wizard.css"";"
"Wizard","frontend\dashboards\src\pages\section_assign_wizard\Step6Verify.jsx","6","const STORAGE_KEY = ""crown_section_assign_wizard_ctx_v1"";"
"Wizard","frontend\dashboards\src\pages\section_assign_wizard\Step6Verify.jsx","29","<CrownWizardStepHeader"
"Wizard","frontend\dashboards\src\pages\wizards\AftercareSetupWizard.jsx","3","import CrownWizardStepper from ""../../components/wizard/CrownWizardStepper.jsx"";"
"Wizard","frontend\dashboards\src\pages\wizards\AftercareSetupWizard.jsx","4","import { fetchWizardConfig, submitWizardConfig } from ""../../api/aftercareApi.js"";"
"Wizard","frontend\dashboards\src\pages\wizards\AftercareSetupWizard.jsx","32","export default function AftercareSetupWizard() {"
"Wizard","frontend\dashboards\src\pages\wizards\AftercareSetupWizard.jsx","65","const res = await fetchWizardConfig();"
"Wizard","frontend\dashboards\src\pages\wizards\AftercareSetupWizard.jsx","86","await submitWizardConfig({ config: cfg });"
"Wizard","frontend\dashboards\src\pages\wizards\AftercareSetupWizard.jsx","161","<Typography variant=""h5"" sx={{ mb: 3 }}>Aftercare Setup Wizard</Typography>"
"Wizard","frontend\dashboards\src\pages\wizards\AftercareSetupWizard.jsx","162","<CrownWizardStepper steps={STEPS} onFinish={save}>"
"Wizard","frontend\dashboards\src\pages\wizards\AftercareSetupWizard.jsx","167","</CrownWizardStepper>"
"Wizard","frontend\dashboards\src\pages\wizards\FinanceSetupWizard.jsx","2","* FinanceSetupWizard.jsx"
"Wizard","frontend\dashboards\src\pages\wizards\FinanceSetupWizard.jsx","4","* Year-locked financial canon wizard: Tuition ? Discounts ? Aid ? Plans ? Extended Care ? Review."
"Wizard","frontend\dashboards\src\pages\wizards\FinanceSetupWizard.jsx","13","function WizardShell({ title, children }) {"
"Wizard","frontend\dashboards\src\pages\wizards\FinanceSetupWizard.jsx","138","// -- Default wizardState shape -------------------------------------------------"
"Wizard","frontend\dashboards\src\pages\wizards\FinanceSetupWizard.jsx","531","export default function FinanceSetupWizard() {"
"Wizard","frontend\dashboards\src\pages\wizards\FinanceSetupWizard.jsx","534","const [wizardData, setWizardData] = useState(defaults());"
"Wizard","frontend\dashboards\src\pages\wizards\FinanceSetupWizard.jsx","552","setWizardData({"
"Wizard","frontend\dashboards\src\pages\wizards\FinanceSetupWizard.jsx","561","// Non-fatal: wizard starts with defaults"
"Wizard","frontend\dashboards\src\pages\wizards\FinanceSetupWizard.jsx","569","return (val) => setWizardData((prev) => ({ ...prev, [key]: val }));"
"Wizard","frontend\dashboards\src\pages\wizards\FinanceSetupWizard.jsx","577","const payload = { academic_year: academicYear, ...wizardData };"
"Wizard","frontend\dashboards\src\pages\wizards\FinanceSetupWizard.jsx","601","const payload = { academic_year: academicYear, ...wizardData };"
"Wizard","frontend\dashboards\src\pages\wizards\FinanceSetupWizard.jsx","603","const lockResult = await lockFinancePolicy(academicYear, ""wizard-ui"");"
"Wizard","frontend\dashboards\src\pages\wizards\FinanceSetupWizard.jsx","615","<WizardShell title=""Finance Setup Wizard"">"
"Wizard","frontend\dashboards\src\pages\wizards\FinanceSetupWizard.jsx","617","</WizardShell>"
"Wizard","frontend\dashboards\src\pages\wizards\FinanceSetupWizard.jsx","622","<WizardShell title={`Finance Setup Wizard ? ${academicYear}`}>"
"Wizard","frontend\dashboards\src\pages\wizards\FinanceSetupWizard.jsx","642","{step === 0 && ("
"Wizard","frontend\dashboards\src\pages\wizards\FinanceSetupWizard.jsx","643","<StepTuition data={wizardData.tuition} onChange={setSection(""tuition"")} locked={locked} />"
"Wizard","frontend\dashboards\src\pages\wizards\FinanceSetupWizard.jsx","645","{step === 1 && ("
"Wizard","frontend\dashboards\src\pages\wizards\FinanceSetupWizard.jsx","646","<StepDiscounts data={wizardData.discounts} onChange={setSection(""discounts"")} locked={locked} />"
"Wizard","frontend\dashboards\src\pages\wizards\FinanceSetupWizard.jsx","648","{step === 2 && ("
"Wizard","frontend\dashboards\src\pages\wizards\FinanceSetupWizard.jsx","649","<StepAid data={wizardData.aid} onChange={setSection(""aid"")} locked={locked} />"
"Wizard","frontend\dashboards\src\pages\wizards\FinanceSetupWizard.jsx","651","{step === 3 && ("
"Wizard","frontend\dashboards\src\pages\wizards\FinanceSetupWizard.jsx","652","<StepPlans data={wizardData.payment_plans} onChange={setSection(""payment_plans"")} locked={locked} />"
"Wizard","frontend\dashboards\src\pages\wizards\FinanceSetupWizard.jsx","654","{step === 4 && ("
"Wizard","frontend\dashboards\src\pages\wizards\FinanceSetupWizard.jsx","655","<StepExtendedCare data={wizardData.extended_care} onChange={setSection(""extended_care"")} locked={locked} />"
"Wizard","frontend\dashboards\src\pages\wizards\FinanceSetupWizard.jsx","657","{step === 5 && ("
"Wizard","frontend\dashboards\src\pages\wizards\FinanceSetupWizard.jsx","675","disabled={step === 0}"
"Wizard","frontend\dashboards\src\pages\wizards\FinanceSetupWizard.jsx","682","cursor: step === 0 ? ""default"" : ""pointer"","
"Wizard","frontend\dashboards\src\pages\wizards\FinanceSetupWizard.jsx","683","opacity: step === 0 ? 0.4 : 1,"
"Wizard","frontend\dashboards\src\pages\wizards\FinanceSetupWizard.jsx","690","disabled={step === STEPS.length - 1}"
"Wizard","frontend\dashboards\src\pages\wizards\FinanceSetupWizard.jsx","697","cursor: step === STEPS.length - 1 ? ""default"" : ""pointer"","
"Wizard","frontend\dashboards\src\pages\wizards\FinanceSetupWizard.jsx","698","opacity: step === STEPS.length - 1 ? 0.4 : 1,"
"Wizard","frontend\dashboards\src\pages\wizards\FinanceSetupWizard.jsx","704","</WizardShell>"
"Wizard","frontend\dashboards\src\pages\AcademicYearWizard.jsx","2","* AcademicYearWizard.jsx"
"Wizard","frontend\dashboards\src\pages\AcademicYearWizard.jsx","4","* Wizard #15 ? Academic Year Rollover"
"Wizard","frontend\dashboards\src\pages\AcademicYearWizard.jsx","18","const BASE = ""/api/v1/academic-year-wizard/sessions/"";"
"Wizard","frontend\dashboards\src\pages\AcademicYearWizard.jsx","40","export default function AcademicYearWizard() {"
"Wizard","frontend\dashboards\src\pages\AcademicYearWizard.jsx","141","<CrownLayout title=""Academic Year Rollover"" subtitle=""Wizard #15 ? Academic Year Rollover"">"
"Wizard","frontend\dashboards\src\pages\AcademicYearWizard.jsx","165","<CrownLayout title=""Academic Year Rollover"" subtitle=""Wizard #15 ? Academic Year Rollover"">"
"Wizard","frontend\dashboards\src\pages\AcademicYearWizard.jsx","224","<CrownLayout title=""Academic Year Rollover"" subtitle=""Wizard #15 ? Academic Year Rollover"">"
"Wizard","frontend\dashboards\src\pages\AcademicYearWizard.jsx","228","This wizard creates a new academic year and marks it as current."
"Wizard","frontend\dashboards\src\pages\AdmissionsIntakeWizard.jsx","3","import CrownWizard from ""../components/crown/CrownWizard.jsx"";"
"Wizard","frontend\dashboards\src\pages\AdmissionsIntakeWizard.jsx","4","import { useWizardDraft } from ""../hooks/useWizardDraft"";"
"Wizard","frontend\dashboards\src\pages\AdmissionsIntakeWizard.jsx","30","export default function AdmissionsIntakeWizard() {"
"Wizard","frontend\dashboards\src\pages\AdmissionsIntakeWizard.jsx","32","const { value, saveDraft, loaded } = useWizardDraft(""admissions-intake"", initialContext);"
"Wizard","frontend\dashboards\src\pages\AdmissionsIntakeWizard.jsx","39","<CrownLayout title=""Student Intake"" subtitle=""Bulk CSV import wizard"">"
"Wizard","frontend\dashboards\src\pages\AdmissionsIntakeWizard.jsx","42","<CrownWizard"
"Wizard","frontend\dashboards\src\pages\AttendanceRulesWizard.jsx","3","import CrownWizard from ""../components/crown/CrownWizard.jsx"";"
"Wizard","frontend\dashboards\src\pages\AttendanceRulesWizard.jsx","4","import Step1Configure  from ""./attendance_rules_wizard/Step1Configure.jsx"";"
"Wizard","frontend\dashboards\src\pages\AttendanceRulesWizard.jsx","5","import Step2Codes      from ""./attendance_rules_wizard/Step2Codes.jsx"";"
"Wizard","frontend\dashboards\src\pages\AttendanceRulesWizard.jsx","6","import Step3Preview    from ""./attendance_rules_wizard/Step3Preview.jsx"";"
"Wizard","frontend\dashboards\src\pages\AttendanceRulesWizard.jsx","7","import Step4Commit     from ""./attendance_rules_wizard/Step4Commit.jsx"";"
"Wizard","frontend\dashboards\src\pages\AttendanceRulesWizard.jsx","8","import Step5Verify     from ""./attendance_rules_wizard/Step5Verify.jsx"";"
"Wizard","frontend\dashboards\src\pages\AttendanceRulesWizard.jsx","12","const STORAGE_KEY     = ""crown_attendance_rules_wizard_ctx_v1"";"
"Wizard","frontend\dashboards\src\pages\AttendanceRulesWizard.jsx","21","export default function AttendanceRulesWizard() {"
"Wizard","frontend\dashboards\src\pages\AttendanceRulesWizard.jsx","30","<CrownWizard"
"Wizard","frontend\dashboards\src\pages\BellScheduleWizard.jsx","2","* BellScheduleWizard.jsx"
"Wizard","frontend\dashboards\src\pages\BellScheduleWizard.jsx","4","* Wizard #19 ? Bell Schedule / Day Template Seed"
"Wizard","frontend\dashboards\src\pages\BellScheduleWizard.jsx","17","const BASE = ""/api/v1/bell-schedule-wizard/sessions/"";"
"Wizard","frontend\dashboards\src\pages\BellScheduleWizard.jsx","303","// Root wizard"
"Wizard","frontend\dashboards\src\pages\BellScheduleWizard.jsx","306","export default function BellScheduleWizard() {"
"Wizard","frontend\dashboards\src\pages\BillingWizard.jsx","3","import CrownWizard from ""../components/crown/CrownWizard.jsx"";"
"Wizard","frontend\dashboards\src\pages\BillingWizard.jsx","4","import { useWizardDraft } from ""../hooks/useWizardDraft"";"
"Wizard","frontend\dashboards\src\pages\BillingWizard.jsx","5","import Step1Mode from ""./billing_wizard/Step1Mode.jsx"";"
"Wizard","frontend\dashboards\src\pages\BillingWizard.jsx","6","import Step2Plans from ""./billing_wizard/Step2Plans.jsx"";"
"Wizard","frontend\dashboards\src\pages\BillingWizard.jsx","7","import Step3Fees from ""./billing_wizard/Step3Fees.jsx"";"
"Wizard","frontend\dashboards\src\pages\BillingWizard.jsx","8","import Step4Schedule from ""./billing_wizard/Step4Schedule.jsx"";"
"Wizard","frontend\dashboards\src\pages\BillingWizard.jsx","9","import Step5Commit from ""./billing_wizard/Step5Commit.jsx"";"
"Wizard","frontend\dashboards\src\pages\BillingWizard.jsx","10","import Step6Verify from ""./billing_wizard/Step6Verify.jsx"";"
"Wizard","frontend\dashboards\src\pages\BillingWizard.jsx","30","export default function BillingWizard() {"
"Wizard","frontend\dashboards\src\pages\BillingWizard.jsx","32","const { value, saveDraft, loaded } = useWizardDraft(""billing-setup"", initialContext);"
"Wizard","frontend\dashboards\src\pages\BillingWizard.jsx","41","<CrownWizard"
"Wizard","frontend\dashboards\src\pages\CommsWizard.jsx","3","import CrownWizard from ""../components/crown/CrownWizard.jsx"";"
"Wizard","frontend\dashboards\src\pages\CommsWizard.jsx","4","import Step1Purpose from ""./comms_wizard/Step1Purpose.jsx"";"
"Wizard","frontend\dashboards\src\pages\CommsWizard.jsx","5","import Step2Message from ""./comms_wizard/Step2Message.jsx"";"
"Wizard","frontend\dashboards\src\pages\CommsWizard.jsx","6","import Step3Recipients from ""./comms_wizard/Step3Recipients.jsx"";"
"Wizard","frontend\dashboards\src\pages\CommsWizard.jsx","7","import Step4Preview from ""./comms_wizard/Step4Preview.jsx"";"
"Wizard","frontend\dashboards\src\pages\CommsWizard.jsx","8","import Step5Commit from ""./comms_wizard/Step5Commit.jsx"";"
"Wizard","frontend\dashboards\src\pages\CommsWizard.jsx","9","import Step6Verify from ""./comms_wizard/Step6Verify.jsx"";"
"Wizard","frontend\dashboards\src\pages\CommsWizard.jsx","29","const STORAGE_KEY = ""crown_comms_wizard_ctx_v1"";"
"Wizard","frontend\dashboards\src\pages\CommsWizard.jsx","46","export default function CommsWizard() {"
"Wizard","frontend\dashboards\src\pages\CommsWizard.jsx","57","<CrownWizard"
"Wizard","frontend\dashboards\src\pages\CourseCatalogWizard.jsx","2","* CourseCatalogWizard.jsx"
"Wizard","frontend\dashboards\src\pages\CourseCatalogWizard.jsx","3","* Wizard #22 ? Course Catalog Setup"
"Wizard","frontend\dashboards\src\pages\CourseCatalogWizard.jsx","9","const BASE = ""/api/v1/course-catalog-wizard/sessions/"";"
"Wizard","frontend\dashboards\src\pages\CourseCatalogWizard.jsx","20","export default function CourseCatalogWizard() {"
"Wizard","frontend\dashboards\src\pages\EnrollmentConversionWizard.jsx","3","import CrownWizard from ""../components/crown/CrownWizard.jsx"";"
"Wizard","frontend\dashboards\src\pages\EnrollmentConversionWizard.jsx","4","import Step1Configure  from ""./enrollment_conversion_wizard/Step1Configure.jsx"";"
"Wizard","frontend\dashboards\src\pages\EnrollmentConversionWizard.jsx","5","import Step2Load       from ""./enrollment_conversion_wizard/Step2Load.jsx"";"
"Wizard","frontend\dashboards\src\pages\EnrollmentConversionWizard.jsx","6","import Step3Preview    from ""./enrollment_conversion_wizard/Step3Preview.jsx"";"
"Wizard","frontend\dashboards\src\pages\EnrollmentConversionWizard.jsx","7","import Step4Commit     from ""./enrollment_conversion_wizard/Step4Commit.jsx"";"
"Wizard","frontend\dashboards\src\pages\EnrollmentConversionWizard.jsx","8","import Step5Verify     from ""./enrollment_conversion_wizard/Step5Verify.jsx"";"
"Wizard","frontend\dashboards\src\pages\EnrollmentConversionWizard.jsx","12","const STORAGE_KEY     = ""crown_enrollment_conversion_wizard_ctx_v1"";"
"Wizard","frontend\dashboards\src\pages\EnrollmentConversionWizard.jsx","21","export default function EnrollmentConversionWizard() {"
"Wizard","frontend\dashboards\src\pages\EnrollmentConversionWizard.jsx","30","<CrownWizard"
"Wizard","frontend\dashboards\src\pages\EnrollmentPeriodWizard.jsx","5","const BASE_URL = 'api/v1/enrollment-period-wizard/sessions/';"
"Wizard","frontend\dashboards\src\pages\EnrollmentPeriodWizard.jsx","30","export default function EnrollmentPeriodWizard() {"
"Wizard","frontend\dashboards\src\pages\EnrollmentPeriodWizard.jsx","161","subtitle=""Wizard #16 ? Define the enrollment window and grade-level capacity targets for an academic year."""
"Wizard","frontend\dashboards\src\pages\EnrollmentPeriodWizard.jsx","174","placeholder=""Paste the UUID from Wizard #15"""
"Wizard","frontend\dashboards\src\pages\FeeScheduleWizard.jsx","2","* FeeScheduleWizard.jsx"
"Wizard","frontend\dashboards\src\pages\FeeScheduleWizard.jsx","4","* Wizard #14 ? Fee Schedule Setup"
"Wizard","frontend\dashboards\src\pages\FeeScheduleWizard.jsx","12","* MVP implementation: collect form fields, POST to backend wizard sessions."
"Wizard","frontend\dashboards\src\pages\FeeScheduleWizard.jsx","18","const BASE = ""/api/v1/fee-schedule-wizard/sessions/"";"
"Wizard","frontend\dashboards\src\pages\FeeScheduleWizard.jsx","59","export default function FeeScheduleWizard() {"
"Wizard","frontend\dashboards\src\pages\FeeScheduleWizard.jsx","157","<CrownLayout title=""Fee Schedule Setup"" subtitle=""Wizard #14 ? Fee Schedule Setup"">"
"Wizard","frontend\dashboards\src\pages\FeeScheduleWizard.jsx","168","<CrownLayout title=""Fee Schedule Setup"" subtitle=""Wizard #14 ? Fee Schedule Setup"">"
"Wizard","frontend\dashboards\src\pages\FeeScheduleWizard.jsx","194","<CrownLayout title=""Fee Schedule Setup"" subtitle=""Wizard #14 ? Fee Schedule Setup"">"
"Wizard","frontend\dashboards\src\pages\FeeScheduleWizard.jsx","264","<CrownLayout title=""Fee Schedule Setup"" subtitle=""Wizard #14 ? Fee Schedule Setup"">"
"Wizard","frontend\dashboards\src\pages\FinancialAidWizard.jsx","3","import CrownWizard from ""../components/crown/CrownWizard.jsx"";"
"Wizard","frontend\dashboards\src\pages\FinancialAidWizard.jsx","4","import { useWizardDraft } from ""../hooks/useWizardDraft"";"
"Wizard","frontend\dashboards\src\pages\FinancialAidWizard.jsx","5","import Step1Year from ""./financial_aid_wizard/Step1Year.jsx"";"
"Wizard","frontend\dashboards\src\pages\FinancialAidWizard.jsx","6","import Step2Buckets from ""./financial_aid_wizard/Step2Buckets.jsx"";"
"Wizard","frontend\dashboards\src\pages\FinancialAidWizard.jsx","7","import Step3Awards from ""./financial_aid_wizard/Step3Awards.jsx"";"
"Wizard","frontend\dashboards\src\pages\FinancialAidWizard.jsx","8","import Step4Preview from ""./financial_aid_wizard/Step4Preview.jsx"";"
"Wizard","frontend\dashboards\src\pages\FinancialAidWizard.jsx","9","import Step5Commit from ""./financial_aid_wizard/Step5Commit.jsx"";"
"Wizard","frontend\dashboards\src\pages\FinancialAidWizard.jsx","10","import Step6Verify from ""./financial_aid_wizard/Step6Verify.jsx"";"
"Wizard","frontend\dashboards\src\pages\FinancialAidWizard.jsx","30","export default function FinancialAidWizard() {"
"Wizard","frontend\dashboards\src\pages\FinancialAidWizard.jsx","32","const { value, saveDraft, loaded } = useWizardDraft(""financial-aid-setup"", initialContext);"
"Wizard","frontend\dashboards\src\pages\FinancialAidWizard.jsx","41","<CrownWizard"
"Wizard","frontend\dashboards\src\pages\GradebookSetupWizard.jsx","3","import CrownWizard from ""../components/crown/CrownWizard.jsx"";"
"Wizard","frontend\dashboards\src\pages\GradebookSetupWizard.jsx","4","import Step1Configure   from ""./gradebook_setup_wizard/Step1Configure.jsx"";"
"Wizard","frontend\dashboards\src\pages\GradebookSetupWizard.jsx","5","import Step2Categories  from ""./gradebook_setup_wizard/Step2Categories.jsx"";"
"Wizard","frontend\dashboards\src\pages\GradebookSetupWizard.jsx","6","import Step3Preview     from ""./gradebook_setup_wizard/Step3Preview.jsx"";"
"Wizard","frontend\dashboards\src\pages\GradebookSetupWizard.jsx","7","import Step4Commit      from ""./gradebook_setup_wizard/Step4Commit.jsx"";"
"Wizard","frontend\dashboards\src\pages\GradebookSetupWizard.jsx","8","import Step5Verify      from ""./gradebook_setup_wizard/Step5Verify.jsx"";"
"Wizard","frontend\dashboards\src\pages\GradebookSetupWizard.jsx","12","const STORAGE_KEY     = ""crown_gradebook_setup_wizard_ctx_v1"";"
"Wizard","frontend\dashboards\src\pages\GradebookSetupWizard.jsx","21","export default function GradebookSetupWizard() {"
"Wizard","frontend\dashboards\src\pages\GradebookSetupWizard.jsx","30","<CrownWizard"
"Wizard","frontend\dashboards\src\pages\GradeScaleWizard.jsx","2","* GradeScaleWizard.jsx"
"Wizard","frontend\dashboards\src\pages\GradeScaleWizard.jsx","4","* Wizard #17 ? Grade Scale & Report Card Settings"
"Wizard","frontend\dashboards\src\pages\GradeScaleWizard.jsx","16","const BASE = ""/api/v1/grade-scale-wizard/sessions/"";"
"Wizard","frontend\dashboards\src\pages\GradeScaleWizard.jsx","41","export default function GradeScaleWizard() {"
"Wizard","frontend\dashboards\src\pages\GradeScaleWizard.jsx","165","subtitle=""Wizard #17 ? Define grading scale, bands, and optional term weights for an academic year."""
"Wizard","frontend\dashboards\src\pages\GradeScaleWizard.jsx","177","placeholder=""Paste UUID from Wizard #15 / #16"""
"Wizard","frontend\dashboards\src\pages\InvoiceRunWizard.jsx","3","import CrownWizard from ""../components/crown/CrownWizard.jsx"";"
"Wizard","frontend\dashboards\src\pages\InvoiceRunWizard.jsx","4","import Step1Configure  from ""./invoice_run_wizard/Step1Configure.jsx"";"
"Wizard","frontend\dashboards\src\pages\InvoiceRunWizard.jsx","5","import Step2Load       from ""./invoice_run_wizard/Step2Load.jsx"";"
"Wizard","frontend\dashboards\src\pages\InvoiceRunWizard.jsx","6","import Step3Preview    from ""./invoice_run_wizard/Step3Preview.jsx"";"
"Wizard","frontend\dashboards\src\pages\InvoiceRunWizard.jsx","7","import Step4Commit     from ""./invoice_run_wizard/Step4Commit.jsx"";"
"Wizard","frontend\dashboards\src\pages\InvoiceRunWizard.jsx","8","import Step5Verify     from ""./invoice_run_wizard/Step5Verify.jsx"";"
"Wizard","frontend\dashboards\src\pages\InvoiceRunWizard.jsx","12","const STORAGE_KEY     = ""crown_invoice_run_wizard_ctx_v1"";"
"Wizard","frontend\dashboards\src\pages\InvoiceRunWizard.jsx","21","export default function InvoiceRunWizard() {"
"Wizard","frontend\dashboards\src\pages\InvoiceRunWizard.jsx","30","<CrownWizard"
"Wizard","frontend\dashboards\src\pages\PromotionWizard.jsx","2","* PromotionWizard.jsx"
"Wizard","frontend\dashboards\src\pages\PromotionWizard.jsx","3","* Wizard #24 ? Student Promotion / Rollover Map"
"Wizard","frontend\dashboards\src\pages\PromotionWizard.jsx","9","const BASE = ""/api/v1/promotion-wizard/sessions/"";"
"Wizard","frontend\dashboards\src\pages\PromotionWizard.jsx","21","export default function PromotionWizard() {"
"Wizard","frontend\dashboards\src\pages\ReenrollmentWizard.jsx","3","import CrownWizard from ""../components/crown/CrownWizard.jsx"";"
"Wizard","frontend\dashboards\src\pages\ReenrollmentWizard.jsx","4","import { useWizardDraft } from ""../hooks/useWizardDraft"";"
"Wizard","frontend\dashboards\src\pages\ReenrollmentWizard.jsx","30","export default function ReenrollmentWizard() {"
"Wizard","frontend\dashboards\src\pages\ReenrollmentWizard.jsx","32","const { value, saveDraft, loaded } = useWizardDraft(""reenrollment"", initialContext);"
"Wizard","frontend\dashboards\src\pages\ReenrollmentWizard.jsx","41","<CrownWizard"
"Wizard","frontend\dashboards\src\pages\RoomSetupWizard.jsx","2","* RoomSetupWizard.jsx"
"Wizard","frontend\dashboards\src\pages\RoomSetupWizard.jsx","3","* Wizard #23 ? Rooms Setup"
"Wizard","frontend\dashboards\src\pages\RoomSetupWizard.jsx","9","const BASE = ""/api/v1/room-setup-wizard/sessions/"";"
"Wizard","frontend\dashboards\src\pages\RoomSetupWizard.jsx","20","export default function RoomSetupWizard() {"
"Wizard","frontend\dashboards\src\pages\SchedulingWizard.jsx","3","import CrownWizard from ""../components/crown/CrownWizard.jsx"";"
"Wizard","frontend\dashboards\src\pages\SchedulingWizard.jsx","4","import { useWizardDraft } from ""../hooks/useWizardDraft"";"
"Wizard","frontend\dashboards\src\pages\SchedulingWizard.jsx","5","import Step1Term from ""./scheduling_wizard/Step1Term.jsx"";"
"Wizard","frontend\dashboards\src\pages\SchedulingWizard.jsx","6","import Step2Courses from ""./scheduling_wizard/Step2Courses.jsx"";"
"Wizard","frontend\dashboards\src\pages\SchedulingWizard.jsx","7","import Step3Sections from ""./scheduling_wizard/Step3Sections.jsx"";"
"Wizard","frontend\dashboards\src\pages\SchedulingWizard.jsx","8","import Step4Preview from ""./scheduling_wizard/Step4Preview.jsx"";"
"Wizard","frontend\dashboards\src\pages\SchedulingWizard.jsx","9","import Step5Commit from ""./scheduling_wizard/Step5Commit.jsx"";"
"Wizard","frontend\dashboards\src\pages\SchedulingWizard.jsx","10","import Step6Verify from ""./scheduling_wizard/Step6Verify.jsx"";"
"Wizard","frontend\dashboards\src\pages\SchedulingWizard.jsx","30","export default function SchedulingWizard() {"
"Wizard","frontend\dashboards\src\pages\SchedulingWizard.jsx","32","const { value, saveDraft, loaded } = useWizardDraft(""scheduling-setup"", initialContext);"
"Wizard","frontend\dashboards\src\pages\SchedulingWizard.jsx","41","<CrownWizard"
"Wizard","frontend\dashboards\src\pages\SectionAssignWizard.jsx","3","import CrownWizard from ""../components/crown/CrownWizard.jsx"";"
"Wizard","frontend\dashboards\src\pages\SectionAssignWizard.jsx","4","import Step1Section from ""./section_assign_wizard/Step1Section.jsx"";"
"Wizard","frontend\dashboards\src\pages\SectionAssignWizard.jsx","5","import Step2LoadStudents from ""./section_assign_wizard/Step2LoadStudents.jsx"";"
"Wizard","frontend\dashboards\src\pages\SectionAssignWizard.jsx","6","import Step3StageRoster from ""./section_assign_wizard/Step3StageRoster.jsx"";"
"Wizard","frontend\dashboards\src\pages\SectionAssignWizard.jsx","7","import Step4Preview from ""./section_assign_wizard/Step4Preview.jsx"";"
"Wizard","frontend\dashboards\src\pages\SectionAssignWizard.jsx","8","import Step5Commit from ""./section_assign_wizard/Step5Commit.jsx"";"
"Wizard","frontend\dashboards\src\pages\SectionAssignWizard.jsx","9","import Step6Verify from ""./section_assign_wizard/Step6Verify.jsx"";"
"Wizard","frontend\dashboards\src\pages\SectionAssignWizard.jsx","29","const STORAGE_KEY = ""crown_section_assign_wizard_ctx_v1"";"
"Wizard","frontend\dashboards\src\pages\SectionAssignWizard.jsx","46","export default function SectionAssignWizard() {"
"Wizard","frontend\dashboards\src\pages\SectionAssignWizard.jsx","57","<CrownWizard"
"Wizard","frontend\dashboards\src\pages\SectionSchedulerWizard.jsx","2","* SectionSchedulerWizard.jsx"
"Wizard","frontend\dashboards\src\pages\SectionSchedulerWizard.jsx","3","* Wizard #20 ? Section Scheduler Seed"
"Wizard","frontend\dashboards\src\pages\SectionSchedulerWizard.jsx","10","const BASE = ""/api/v1/section-scheduler-wizard/sessions/"";"
"Wizard","frontend\dashboards\src\pages\SectionSchedulerWizard.jsx","21","export default function SectionSchedulerWizard() {"
"Wizard","frontend\dashboards\src\pages\StaffOnboardingWizard.jsx","2","* StaffOnboardingWizard.jsx"
"Wizard","frontend\dashboards\src\pages\StaffOnboardingWizard.jsx","4","* Wizard #13 ? Staff Onboarding"
"Wizard","frontend\dashboards\src\pages\StaffOnboardingWizard.jsx","13","* MVP implementation: collect form fields, POST to backend wizard sessions."
"Wizard","frontend\dashboards\src\pages\StaffOnboardingWizard.jsx","19","const BASE = ""/api/v1/staff-onboarding-wizard/sessions/"";"
"Wizard","frontend\dashboards\src\pages\StaffOnboardingWizard.jsx","37","export default function StaffOnboardingWizard() {"
"Wizard","frontend\dashboards\src\pages\StaffSetupWizard.jsx","2","* StaffSetupWizard.jsx"
"Wizard","frontend\dashboards\src\pages\StaffSetupWizard.jsx","3","* Wizard #21 - Staff and Roles Setup."
"Wizard","frontend\dashboards\src\pages\StaffSetupWizard.jsx","10","const BASE = ""/api/v1/staff-setup-wizard/sessions/"";"
"Wizard","frontend\dashboards\src\pages\StaffSetupWizard.jsx","21","export default function StaffSetupWizard() {"
"Wizard","frontend\dashboards\src\pages\TermStructureWizard.jsx","2","* TermStructureWizard.jsx"
"Wizard","frontend\dashboards\src\pages\TermStructureWizard.jsx","4","* Wizard #18 ? Term & Marking Period Setup"
"Wizard","frontend\dashboards\src\pages\TermStructureWizard.jsx","16","const BASE = ""/api/v1/term-structure-wizard/sessions/"";"
"Wizard","frontend\dashboards\src\pages\TermStructureWizard.jsx","37","export default function TermStructureWizard() {"
"Wizard","frontend\dashboards\src\pages\WizardHub.jsx","2","* WizardHub ? Crown2026"
"Wizard","frontend\dashboards\src\pages\WizardHub.jsx","4","* Fetches all registered wizards from GET /api/v1/wizards/ and renders"
"Wizard","frontend\dashboards\src\pages\WizardHub.jsx","5","* a navigable card list. Browser paths are sourced from WIZARD_MANIFEST"
"Wizard","frontend\dashboards\src\pages\WizardHub.jsx","8","* Route: /wizards"
"Wizard","frontend\dashboards\src\pages\WizardHub.jsx","13","import { fetchWizards } from ""../api/wizards"";"
"Wizard","frontend\dashboards\src\pages\WizardHub.jsx","14","import { WIZARD_MANIFEST } from ""../routes/wizard-manifest.js"";"
"Wizard","frontend\dashboards\src\pages\WizardHub.jsx","18","WIZARD_MANIFEST.map((w) => [w.slug, w.path])"
"Wizard","frontend\dashboards\src\pages\WizardHub.jsx","21","export default function WizardHub() {"
"Wizard","frontend\dashboards\src\pages\WizardHub.jsx","32","const data = await fetchWizards();"
"Wizard","frontend\dashboards\src\pages\WizardHub.jsx","33","const wizards = Array.isArray(data?.wizards) ? data.wizards : [];"
"Wizard","frontend\dashboards\src\pages\WizardHub.jsx","34","if (alive) setItems(wizards);"
"Wizard","frontend\dashboards\src\pages\WizardHub.jsx","36","if (alive) setErr(e?.message || ""Failed to load wizards."");"
"Wizard","frontend\dashboards\src\pages\WizardHub.jsx","50","<CrownLayout title=""Wizard Hub"" subtitle=""Setup wizards"">"
"Wizard","frontend\dashboards\src\pages\WizardHub.jsx","51","<p style={{ opacity: 0.7 }}>Loading wizards?</p>"
"Wizard","frontend\dashboards\src\pages\WizardHub.jsx","58","<CrownLayout title=""Wizard Hub"" subtitle=""Setup wizards"">"
"Wizard","frontend\dashboards\src\pages\WizardHub.jsx","66","title=""Wizard Hub"""
"Wizard","frontend\dashboards\src\pages\WizardHub.jsx","67","subtitle={`${enabled.length} setup wizard${enabled.length !== 1 ? ""s"" : """"} available`}"
"Wizard","frontend\dashboards\src\pages\WizardHub.jsx","104","Open wizard ?"
"Wizard","frontend\dashboards\src\routes\financeRouteAccess.test.jsx","21","path: ""/wizards/finance-setup"","
"Wizard","frontend\dashboards\src\routes\router.jsx","60","import AftercareSetupWizard from ""../pages/wizards/AftercareSetupWizard.jsx"";"
"Wizard","frontend\dashboards\src\routes\router.jsx","61","import FinanceSetupWizard from ""../pages/wizards/FinanceSetupWizard.jsx"";"
"Wizard","frontend\dashboards\src\routes\router.jsx","75","import { wizardRoutes } from ""./wizards.js"";"
"Wizard","frontend\dashboards\src\routes\router.jsx","78","import WizardHub from ""../pages/WizardHub.jsx"";"
"Wizard","frontend\dashboards\src\routes\router.jsx","287","// Wizard Hub ??? lists all registered wizards from /api/v1/wizards/"
"Wizard","frontend\dashboards\src\routes\router.jsx","289","path: PATHS.WIZARDS,"
"Wizard","frontend\dashboards\src\routes\router.jsx","290","element: <WizardHub />,"
"Wizard","frontend\dashboards\src\routes\router.jsx","292","// Wizard routes are owned by routes/wizards.js."
"Wizard","frontend\dashboards\src\routes\router.jsx","293","...wizardRoutes(),"
"Wizard","frontend\dashboards\src\routes\router.jsx","517","path: PATHS.WIZARD_AFTERCARE_SETUP,"
"Wizard","frontend\dashboards\src\routes\router.jsx","518","element: <AftercareSetupWizard />,"
"Wizard","frontend\dashboards\src\routes\router.jsx","521","path: PATHS.WIZARD_FINANCE_SETUP,"
"Wizard","frontend\dashboards\src\routes\router.jsx","524","<FinanceSetupWizard />"
"Wizard","frontend\dashboards\src\routes\wizardRouteAccess.test.jsx","2","import { WIZARD_REGISTRY } from ""./wizards.js"";"
"Wizard","frontend\dashboards\src\routes\wizardRouteAccess.test.jsx","5","const route = WIZARD_REGISTRY.find((item) => item.path === path);"
"Wizard","frontend\dashboards\src\routes\wizardRouteAccess.test.jsx","13","describe(""wizard route access matrix"", () => {"
"Wizard","frontend\dashboards\src\routes\wizardRouteAccess.test.jsx","14","it(""keeps unique wizard paths"", () => {"
"Wizard","frontend\dashboards\src\routes\wizardRouteAccess.test.jsx","15","const paths = WIZARD_REGISTRY.map((item) => item.path);"
"Wizard","frontend\dashboards\src\routes\wizardRouteAccess.test.jsx","19","it(""defines explicit allowed roles for every wizard route"", () => {"
"Wizard","frontend\dashboards\src\routes\wizardRouteAccess.test.jsx","20","WIZARD_REGISTRY.forEach((route) => {"
"Wizard","frontend\dashboards\src\tests\writeFlowContract.test.jsx","6","import { useWizardDraft } from '../hooks/useWizardDraft';"
"Wizard","frontend\dashboards\src\tests\writeFlowContract.test.jsx","10","function TestWriteWizard({ onSuccess }) {"
"Wizard","frontend\dashboards\src\tests\writeFlowContract.test.jsx","11","const { value, setValue, saveDraft, clearDraft } = useWizardDraft('test-write-wizard', {"
"Wizard","frontend\dashboards\src\tests\writeFlowContract.test.jsx","74","render(<TestWriteWizard onSuccess={onSuccess} />);"
"Wizard","frontend\dashboards\src\tests\writeFlowContract.test.jsx","83","window.localStorage.getItem('crown_wizard_draft:test-write-wizard'),"
"Wizard","frontend\dashboards\src\tests\writeFlowContract.test.jsx","93","window.localStorage.getItem('crown_wizard_draft:test-write-wizard'),"
"Wizard","frontend\dashboards\src\tests\writeFlowContract.test.jsx","108","render(<TestWriteWizard onSuccess={onSuccess} />);"
"Wizard","frontend\dashboards\src\tests\writeFlowContract.test.jsx","122","window.localStorage.getItem('crown_wizard_draft:test-write-wizard'),"
"Wizard","frontend\dashboards\src\tests\writeFlowContract.test.jsx","136","render(<TestWriteWizard onSuccess={() => {}} />);"
"Wizard","frontend\src\wizards\academic-year-rollover\academic-year-rollover_wizard_route_navigation_frontend.tsx","1","export default function WizardEvidence() { return null; }"
"Wizard","frontend\src\wizards\activities-events\activities-events_wizard_route_navigation_frontend.tsx","1","export default function WizardEvidence() { return null; }"
"Wizard","frontend\src\wizards\admissions-pipeline\admissions-pipeline_wizard_route_navigation_frontend.tsx","1","export default function WizardEvidence() { return null; }"
"Wizard","frontend\src\wizards\aid\aid_wizard_route_navigation_frontend.tsx","1","export default function WizardEvidence() { return null; }"
"Wizard","frontend\src\wizards\attendance-codes\attendance-codes_wizard_route_navigation_frontend.tsx","1","export default function WizardEvidence() { return null; }"
"Wizard","frontend\src\wizards\attendance-rules\attendance-rules_wizard_route_navigation_frontend.tsx","1","export default function WizardEvidence() { return null; }"
"Wizard","frontend\src\wizards\bell-schedule\bell-schedule_wizard_route_navigation_frontend.tsx","1","export default function WizardEvidence() { return null; }"
"Wizard","frontend\src\wizards\billing\billing_wizard_route_navigation_frontend.tsx","1","export default function WizardEvidence() { return null; }"
"Wizard","frontend\src\wizards\billing-setup\billing-setup_wizard_route_navigation_frontend.tsx","1","export default function WizardEvidence() { return null; }"
"Wizard","frontend\src\wizards\board-governance-packet\board-governance-packet_wizard_route_navigation_frontend.tsx","1","export default function WizardEvidence() { return null; }"
"Wizard","frontend\src\wizards\christian-pd-hub\christian-pd-hub_wizard_route_navigation_frontend.tsx","1","export default function WizardEvidence() { return null; }"
"Wizard","frontend\src\wizards\communication\communication_wizard_route_navigation_frontend.tsx","1","export default function WizardEvidence() { return null; }"
"Wizard","frontend\src\wizards\compass-trigger-response\compass-trigger-response_wizard_route_navigation_frontend.tsx","1","export default function WizardEvidence() { return null; }"
"Wizard","frontend\src\wizards\course-catalog\course-catalog_wizard_route_navigation_frontend.tsx","1","export default function WizardEvidence() { return null; }"
"Wizard","frontend\src\wizards\discipline-escalation\discipline-escalation_wizard_route_navigation_frontend.tsx","1","export default function WizardEvidence() { return null; }"
"Wizard","frontend\src\wizards\enrollment-conversion\enrollment-conversion_wizard_route_navigation_frontend.tsx","1","export default function WizardEvidence() { return null; }"
"Wizard","frontend\src\wizards\enrollment-period\enrollment-period_wizard_route_navigation_frontend.tsx","1","export default function WizardEvidence() { return null; }"
"Wizard","frontend\src\wizards\fee-schedule\fee-schedule_wizard_route_navigation_frontend.tsx","1","export default function WizardEvidence() { return null; }"
"Wizard","frontend\src\wizards\finance-setup\finance-setup_wizard_route_navigation_frontend.tsx","1","export default function WizardEvidence() { return null; }"
"Wizard","frontend\src\wizards\financial-aid\financial-aid_wizard_route_navigation_frontend.tsx","1","export default function WizardEvidence() { return null; }"
"Wizard","frontend\src\wizards\food-services\food-services_wizard_route_navigation_frontend.tsx","1","export default function WizardEvidence() { return null; }"
"Wizard","frontend\src\wizards\grade-scale\grade-scale_wizard_route_navigation_frontend.tsx","1","export default function WizardEvidence() { return null; }"
"Wizard","frontend\src\wizards\grade-weights\grade-weights_wizard_route_navigation_frontend.tsx","1","export default function WizardEvidence() { return null; }"
"Wizard","frontend\src\wizards\gradebook-setup\gradebook-setup_wizard_route_navigation_frontend.tsx","1","export default function WizardEvidence() { return null; }"
"Wizard","frontend\src\wizards\guardian-household\guardian-household_wizard_route_navigation_frontend.tsx","1","export default function WizardEvidence() { return null; }"
"Wizard","frontend\src\wizards\invoice-run\invoice-run_wizard_route_navigation_frontend.tsx","1","export default function WizardEvidence() { return null; }"
"Wizard","frontend\src\wizards\live-metrics-aggregation-review\live-metrics-aggregation-review_wizard_route_navigation_frontend.tsx","1","export default function WizardEvidence() { return null; }"
"Wizard","frontend\src\wizards\mission-fit-dashboard-setup\mission-fit-dashboard-setup_wizard_route_navigation_frontend.tsx","1","export default function WizardEvidence() { return null; }"
"Wizard","frontend\src\wizards\nurse-health-office\nurse-health-office_wizard_route_navigation_frontend.tsx","1","export default function WizardEvidence() { return null; }"
"Wizard","frontend\src\wizards\pastoral-chaplain-care\pastoral-chaplain-care_wizard_route_navigation_frontend.tsx","1","export default function WizardEvidence() { return null; }"
"Wizard","frontend\src\wizards\pdf-export-institutional-output\pdf-export-institutional-output_wizard_route_navigation_frontend.tsx","1","export default function WizardEvidence() { return null; }"
"Wizard","frontend\src\wizards\portrait-of-the-graduate\portrait-of-the-graduate_wizard_route_navigation_frontend.tsx","1","export default function WizardEvidence() { return null; }"
"Wizard","frontend\src\wizards\promotion-map\promotion-map_wizard_route_navigation_frontend.tsx","1","export default function WizardEvidence() { return null; }"
"Wizard","frontend\src\wizards\reenrollment-contract\reenrollment-contract_wizard_route_navigation_frontend.tsx","1","export default function WizardEvidence() { return null; }"
"Wizard","frontend\src\wizards\rooms-setup\rooms-setup_wizard_route_navigation_frontend.tsx","1","export default function WizardEvidence() { return null; }"
"Wizard","frontend\src\wizards\scheduling\scheduling_wizard_route_navigation_frontend.tsx","1","export default function WizardEvidence() { return null; }"
"Wizard","frontend\src\wizards\school-health-compass-assessment\school-health-compass-assessment_wizard_route_navigation_frontend.tsx","1","export default function WizardEvidence() { return null; }"
"Wizard","frontend\src\wizards\section-assign\section-assign_wizard_route_navigation_frontend.tsx","1","export default function WizardEvidence() { return null; }"
"Wizard","frontend\src\wizards\section-scheduler\section-scheduler_wizard_route_navigation_frontend.tsx","1","export default function WizardEvidence() { return null; }"
"Wizard","frontend\src\wizards\section-staffing\section-staffing_wizard_route_navigation_frontend.tsx","1","export default function WizardEvidence() { return null; }"
"Wizard","frontend\src\wizards\service-outreach\service-outreach_wizard_route_navigation_frontend.tsx","1","export default function WizardEvidence() { return null; }"
"Wizard","frontend\src\wizards\solomon-guided-implementation\solomon-guided-implementation_wizard_route_navigation_frontend.tsx","1","export default function WizardEvidence() { return null; }"
"Wizard","frontend\src\wizards\spiritual-life-tracking\spiritual-life-tracking_wizard_route_navigation_frontend.tsx","1","export default function WizardEvidence() { return null; }"
"Wizard","frontend\src\wizards\staff-onboarding\staff-onboarding_wizard_route_navigation_frontend.tsx","1","export default function WizardEvidence() { return null; }"
"Wizard","frontend\src\wizards\staff-roles\staff-roles_wizard_route_navigation_frontend.tsx","1","export default function WizardEvidence() { return null; }"
"Wizard","frontend\src\wizards\student-import\student-import_wizard_route_navigation_frontend.tsx","1","export default function WizardEvidence() { return null; }"
"Wizard","frontend\src\wizards\term-structure\term-structure_wizard_route_navigation_frontend.tsx","1","export default function WizardEvidence() { return null; }"
"Wizard","frontend\src\wizards\transcript-graduation\transcript-graduation_wizard_route_navigation_frontend.tsx","1","export default function WizardEvidence() { return null; }"
"Wizard","frontend\src\wizards\transportation\transportation_wizard_route_navigation_frontend.tsx","1","export default function WizardEvidence() { return null; }"
"Wizard","frontend\src\wizards\volunteer-family-engagement\volunteer-family-engagement_wizard_route_navigation_frontend.tsx","1","export default function WizardEvidence() { return null; }"
