"Priority","Owner","Area","Issue","Evidence","Action"
"P0","Dev 5 - QA/Release","Security","Possible secrets found in source (295 hits)","22_possible_secret_scan.csv","Review each; move real secrets to vault/env; confirm false positives."
"P1","Dev 4 - Frontend/UX","UI Polish","Placeholder/TODO copy in source (331 hits)","20_placeholder_scan.csv","Replace placeholder with real copy or formally defer."
"P1","Dev 4 - Frontend/UX","UI Polish","UI anti-patterns in source (52 hits)","21_ui_antipattern_scan.csv","Apply crown-theme.css; remove dark/navy hardcoding; fix dead links."
"P1","Dev 4 - Frontend/UX","Accessibility","Accessibility issues in source (514 hits)","26_accessibility_review.csv","Fix img alt, button type, input labels, and clickable div patterns."
"P0","Dev 1 - Platform","Security/Auth","Tenant isolation and RBAC proof not yet artifact-verified for Azure prod","05_QA_REGRESSION_MATRIX.csv","Run full role/tenant matrix proof after Azure deploy succeeds."
"P0","Azure admin","Deploy secrets","AZURE_SWA_TOKEN missing from repo secrets (dashboard deploy blocked)","GitHub Actions run 25139353897","Add AZURE_SWA_TOKEN as repository-level secret."
"P0","Azure admin","Deploy secrets","Azure auth secrets missing from production env (backend deploy blocked)","GitHub Actions run 25139353890","Add AZURE_CREDENTIALS or OIDC triplet to production environment secrets."
"P1","Dev 5 - QA/Release","Release proof","Azure production proof not yet green (SHA mismatch, SWA 404)","deep-dive-live-audit/20260430_020745","After workflows green, run full Azure proof and re-score."
"P2","TC / Product","Canons","Core, SIS, Modules canons not confirmed approved","docs/crown-master-binder/canons","Review and mark each canon approved working authority."
"P2","Dev 4 - Frontend/UX","Dashboards","Dashboard/KPI data source classification not complete","24_dashboard_inventory.csv","Classify each as real/seeded/placeholder/broken/deferred."
