"PRNumber","PRTitle","PRBranch","File","HighRisk","Risk","Url"
"703","Fix backend-gate: create missing Django apps/modules, fix student_records URL prefix, fix related-article exclusion bug, add portrait/services.py, add Solomon regression tests, split article serializers, add visibility gating and audience filtering","copilot/fix-student-records-url-routing","backend/governance/urls.py","True","CRITICAL","https://github.com/tcmegahan/Crown2026/pull/703"
"703","Fix backend-gate: create missing Django apps/modules, fix student_records URL prefix, fix related-article exclusion bug, add portrait/services.py, add Solomon regression tests, split article serializers, add visibility gating and audience filtering","copilot/fix-student-records-url-routing","backend/governance/views.py","True","CRITICAL","https://github.com/tcmegahan/Crown2026/pull/703"
"703","Fix backend-gate: create missing Django apps/modules, fix student_records URL prefix, fix related-article exclusion bug, add portrait/services.py, add Solomon regression tests, split article serializers, add visibility gating and audience filtering","copilot/fix-student-records-url-routing","backend/student_records/urls.py","True","CRITICAL","https://github.com/tcmegahan/Crown2026/pull/703"
"702","fix: CI PYTHONPATH, HTTP 401 vs 403 in portrait-service dashboard","copilot/fix-ci-pythonpath-issues","backend/crown_api/dashboards/views.py","True","MEDIUM","https://github.com/tcmegahan/Crown2026/pull/702"
"701","Fix CI PYTHONPATH, HTTP 401, trailing slash, route collision, and audit privacy leak","copilot/fix-ci-workflow-pythonpath-errors","backend/crown_api/dashboards/views.py","True","HIGH","https://github.com/tcmegahan/Crown2026/pull/701"
"701","Fix CI PYTHONPATH, HTTP 401, trailing slash, route collision, and audit privacy leak","copilot/fix-ci-workflow-pythonpath-errors","docs/release/LIVE_FRONTEND_DASHBOARD_PROOF.md","True","HIGH","https://github.com/tcmegahan/Crown2026/pull/701"
"701","Fix CI PYTHONPATH, HTTP 401, trailing slash, route collision, and audit privacy leak","copilot/fix-ci-workflow-pythonpath-errors","docs/release/live-audit/phase8/phase8_build_frontend_dashboards.txt","True","HIGH","https://github.com/tcmegahan/Crown2026/pull/701"
"699","Fix/frontend audit","fix/frontend-audit","backend/crown_api/dashboards/views.py","True","CRITICAL","https://github.com/tcmegahan/Crown2026/pull/699"
"699","Fix/frontend audit","fix/frontend-audit","docs/release/BRANCH_PROTECTION_EVIDENCE.md","True","CRITICAL","https://github.com/tcmegahan/Crown2026/pull/699"
"699","Fix/frontend audit","fix/frontend-audit","docs/release/branch-protection-export.json","True","CRITICAL","https://github.com/tcmegahan/Crown2026/pull/699"
"699","Fix/frontend audit","fix/frontend-audit","docs/release/FINAL_15_PHASE_VERIFICATION.json","True","CRITICAL","https://github.com/tcmegahan/Crown2026/pull/699"
"699","Fix/frontend audit","fix/frontend-audit","docs/release/FINAL_15_PHASE_VERIFICATION.md","True","CRITICAL","https://github.com/tcmegahan/Crown2026/pull/699"
"699","Fix/frontend audit","fix/frontend-audit","docs/release/FINAL_INVESTOR_EVIDENCE_INDEX.md","True","CRITICAL","https://github.com/tcmegahan/Crown2026/pull/699"
"699","Fix/frontend audit","fix/frontend-audit","docs/release/FINAL_RELEASE_GATE.md","True","CRITICAL","https://github.com/tcmegahan/Crown2026/pull/699"
"699","Fix/frontend audit","fix/frontend-audit","docs/release/KNOWN_GAPS_AND_DEFERRED_ITEMS.md","True","CRITICAL","https://github.com/tcmegahan/Crown2026/pull/699"
"699","Fix/frontend audit","fix/frontend-audit","docs/release/LIVE_15_PHASE_COMPLETION.json","True","CRITICAL","https://github.com/tcmegahan/Crown2026/pull/699"
"699","Fix/frontend audit","fix/frontend-audit","docs/release/LIVE_15_PHASE_COMPLETION.md","True","CRITICAL","https://github.com/tcmegahan/Crown2026/pull/699"
"699","Fix/frontend audit","fix/frontend-audit","docs/release/LIVE_ACTION_REGISTER.json","True","CRITICAL","https://github.com/tcmegahan/Crown2026/pull/699"
"699","Fix/frontend audit","fix/frontend-audit","docs/release/LIVE_ACTION_REGISTER.md","True","CRITICAL","https://github.com/tcmegahan/Crown2026/pull/699"
"699","Fix/frontend audit","fix/frontend-audit","docs/release/LIVE_BACKEND_VERIFICATION.json","True","CRITICAL","https://github.com/tcmegahan/Crown2026/pull/699"
"699","Fix/frontend audit","fix/frontend-audit","docs/release/LIVE_BACKEND_VERIFICATION.md","True","CRITICAL","https://github.com/tcmegahan/Crown2026/pull/699"
"699","Fix/frontend audit","fix/frontend-audit","docs/release/LIVE_EVIDENCE_INDEX.json","True","CRITICAL","https://github.com/tcmegahan/Crown2026/pull/699"
"699","Fix/frontend audit","fix/frontend-audit","docs/release/LIVE_EVIDENCE_INDEX.md","True","CRITICAL","https://github.com/tcmegahan/Crown2026/pull/699"
"699","Fix/frontend audit","fix/frontend-audit","docs/release/LIVE_EVIDENCE_PACKET.json","True","CRITICAL","https://github.com/tcmegahan/Crown2026/pull/699"
"699","Fix/frontend audit","fix/frontend-audit","docs/release/LIVE_EVIDENCE_PACKET.md","True","CRITICAL","https://github.com/tcmegahan/Crown2026/pull/699"
"699","Fix/frontend audit","fix/frontend-audit","docs/release/LIVE_FINAL_RELEASE_GATE.json","True","CRITICAL","https://github.com/tcmegahan/Crown2026/pull/699"
"699","Fix/frontend audit","fix/frontend-audit","docs/release/LIVE_FINAL_RELEASE_GATE.md","True","CRITICAL","https://github.com/tcmegahan/Crown2026/pull/699"
"699","Fix/frontend audit","fix/frontend-audit","docs/release/LIVE_FINAL_SIGNOFF_CHECKLIST.json","True","CRITICAL","https://github.com/tcmegahan/Crown2026/pull/699"
"699","Fix/frontend audit","fix/frontend-audit","docs/release/LIVE_FINAL_SIGNOFF_CHECKLIST.md","True","CRITICAL","https://github.com/tcmegahan/Crown2026/pull/699"
"699","Fix/frontend audit","fix/frontend-audit","docs/release/LIVE_FRONTEND_DASHBOARD_PROOF.json","True","CRITICAL","https://github.com/tcmegahan/Crown2026/pull/699"
"699","Fix/frontend audit","fix/frontend-audit","docs/release/LIVE_FRONTEND_DASHBOARD_PROOF.md","True","CRITICAL","https://github.com/tcmegahan/Crown2026/pull/699"
"699","Fix/frontend audit","fix/frontend-audit","docs/release/LIVE_MODULE_PROOF_MATRIX.json","True","CRITICAL","https://github.com/tcmegahan/Crown2026/pull/699"
"699","Fix/frontend audit","fix/frontend-audit","docs/release/LIVE_MODULE_PROOF_MATRIX.md","True","CRITICAL","https://github.com/tcmegahan/Crown2026/pull/699"
"699","Fix/frontend audit","fix/frontend-audit","docs/release/LIVE_MODULE_STATUS_SUMMARY.json","True","CRITICAL","https://github.com/tcmegahan/Crown2026/pull/699"
"699","Fix/frontend audit","fix/frontend-audit","docs/release/LIVE_MODULE_STATUS_SUMMARY.md","True","CRITICAL","https://github.com/tcmegahan/Crown2026/pull/699"
"699","Fix/frontend audit","fix/frontend-audit","docs/release/LIVE_PROFESSIONAL_REPO_CLEANUP.json","True","CRITICAL","https://github.com/tcmegahan/Crown2026/pull/699"
"699","Fix/frontend audit","fix/frontend-audit","docs/release/LIVE_PROFESSIONAL_REPO_CLEANUP.md","True","CRITICAL","https://github.com/tcmegahan/Crown2026/pull/699"
"699","Fix/frontend audit","fix/frontend-audit","docs/release/LIVE_RELEASE_GATE_STATUS.json","True","CRITICAL","https://github.com/tcmegahan/Crown2026/pull/699"
"699","Fix/frontend audit","fix/frontend-audit","docs/release/LIVE_RELEASE_GATE_STATUS.md","True","CRITICAL","https://github.com/tcmegahan/Crown2026/pull/699"
"699","Fix/frontend audit","fix/frontend-audit","docs/release/LIVE_RELEASE_TRUTH.json","True","CRITICAL","https://github.com/tcmegahan/Crown2026/pull/699"
"699","Fix/frontend audit","fix/frontend-audit","docs/release/LIVE_RELEASE_TRUTH.md","True","CRITICAL","https://github.com/tcmegahan/Crown2026/pull/699"
"699","Fix/frontend audit","fix/frontend-audit","docs/release/LIVE_REPO_HYGIENE_PLAN.json","True","CRITICAL","https://github.com/tcmegahan/Crown2026/pull/699"
"699","Fix/frontend audit","fix/frontend-audit","docs/release/LIVE_REPO_HYGIENE_PLAN.md","True","CRITICAL","https://github.com/tcmegahan/Crown2026/pull/699"
"699","Fix/frontend audit","fix/frontend-audit","docs/release/LIVE_REPORTING_EXPORT_AUDIT.json","True","CRITICAL","https://github.com/tcmegahan/Crown2026/pull/699"
"699","Fix/frontend audit","fix/frontend-audit","docs/release/LIVE_REPORTING_EXPORT_AUDIT.md","True","CRITICAL","https://github.com/tcmegahan/Crown2026/pull/699"
"699","Fix/frontend audit","fix/frontend-audit","docs/release/LIVE_RUNTIME_API_VERIFICATION.json","True","CRITICAL","https://github.com/tcmegahan/Crown2026/pull/699"
"699","Fix/frontend audit","fix/frontend-audit","docs/release/LIVE_RUNTIME_API_VERIFICATION.md","True","CRITICAL","https://github.com/tcmegahan/Crown2026/pull/699"
"699","Fix/frontend audit","fix/frontend-audit","docs/release/LIVE_SHIP_DECISION.json","True","CRITICAL","https://github.com/tcmegahan/Crown2026/pull/699"
"699","Fix/frontend audit","fix/frontend-audit","docs/release/LIVE_SHIP_DECISION.md","True","CRITICAL","https://github.com/tcmegahan/Crown2026/pull/699"
"699","Fix/frontend audit","fix/frontend-audit","docs/release/LIVE_WORKFLOW_CANONICALIZATION_PLAN.json","True","CRITICAL","https://github.com/tcmegahan/Crown2026/pull/699"
"699","Fix/frontend audit","fix/frontend-audit","docs/release/LIVE_WORKFLOW_CANONICALIZATION_PLAN.md","True","CRITICAL","https://github.com/tcmegahan/Crown2026/pull/699"
"699","Fix/frontend audit","fix/frontend-audit","docs/release/live-audit/final_15_phase_verification_errors.csv","True","CRITICAL","https://github.com/tcmegahan/Crown2026/pull/699"
"699","Fix/frontend audit","fix/frontend-audit","docs/release/live-audit/phase1/phase1_backend_module_inventory.csv","True","CRITICAL","https://github.com/tcmegahan/Crown2026/pull/699"
"699","Fix/frontend audit","fix/frontend-audit","docs/release/live-audit/phase1/phase1_branch_inventory.csv","True","CRITICAL","https://github.com/tcmegahan/Crown2026/pull/699"
"699","Fix/frontend audit","fix/frontend-audit","docs/release/live-audit/phase1/phase1_frontend_surface_inventory.csv","True","CRITICAL","https://github.com/tcmegahan/Crown2026/pull/699"
"699","Fix/frontend audit","fix/frontend-audit","docs/release/live-audit/phase1/phase1_github_public_state.json","True","CRITICAL","https://github.com/tcmegahan/Crown2026/pull/699"
"699","Fix/frontend audit","fix/frontend-audit","docs/release/live-audit/phase1/phase1_live_repo_baseline.json","True","CRITICAL","https://github.com/tcmegahan/Crown2026/pull/699"
"699","Fix/frontend audit","fix/frontend-audit","docs/release/live-audit/phase1/phase1_live_repo_baseline.md","True","CRITICAL","https://github.com/tcmegahan/Crown2026/pull/699"
"699","Fix/frontend audit","fix/frontend-audit","docs/release/live-audit/phase1/phase1_release_doc_freshness.csv","True","CRITICAL","https://github.com/tcmegahan/Crown2026/pull/699"
"699","Fix/frontend audit","fix/frontend-audit","docs/release/live-audit/phase1/phase1_root_ruleset_inventory.csv","True","CRITICAL","https://github.com/tcmegahan/Crown2026/pull/699"
"699","Fix/frontend audit","fix/frontend-audit","docs/release/live-audit/phase1/phase1_workflow_inventory.csv","True","CRITICAL","https://github.com/tcmegahan/Crown2026/pull/699"
"699","Fix/frontend audit","fix/frontend-audit","docs/release/live-audit/phase10/phase10_live_release_gate_scorecard.csv","True","CRITICAL","https://github.com/tcmegahan/Crown2026/pull/699"
"699","Fix/frontend audit","fix/frontend-audit","docs/release/live-audit/phase10/phase10_live_release_gate_synthesis.json","True","CRITICAL","https://github.com/tcmegahan/Crown2026/pull/699"
"699","Fix/frontend audit","fix/frontend-audit","docs/release/live-audit/phase10/phase10_live_release_gate_synthesis.md","True","CRITICAL","https://github.com/tcmegahan/Crown2026/pull/699"
"699","Fix/frontend audit","fix/frontend-audit","docs/release/live-audit/phase11/phase11_live_release_docs_refresh.json","True","CRITICAL","https://github.com/tcmegahan/Crown2026/pull/699"
"699","Fix/frontend audit","fix/frontend-audit","docs/release/live-audit/phase11/phase11_live_release_docs_refresh.md","True","CRITICAL","https://github.com/tcmegahan/Crown2026/pull/699"
"699","Fix/frontend audit","fix/frontend-audit","docs/release/live-audit/phase11/phase11_module_status_summary.csv","True","CRITICAL","https://github.com/tcmegahan/Crown2026/pull/699"
"699","Fix/frontend audit","fix/frontend-audit","docs/release/live-audit/phase11/phase11_signoff_checklist.csv","True","CRITICAL","https://github.com/tcmegahan/Crown2026/pull/699"
"699","Fix/frontend audit","fix/frontend-audit","docs/release/live-audit/phase12/phase12_archived_stale_docs.csv","True","CRITICAL","https://github.com/tcmegahan/Crown2026/pull/699"
"699","Fix/frontend audit","fix/frontend-audit","docs/release/live-audit/phase12/phase12_hygiene_executed_commands.csv","True","CRITICAL","https://github.com/tcmegahan/Crown2026/pull/699"
"699","Fix/frontend audit","fix/frontend-audit","docs/release/live-audit/phase12/phase12_repo_hygiene_execution_pack.json","True","CRITICAL","https://github.com/tcmegahan/Crown2026/pull/699"
"699","Fix/frontend audit","fix/frontend-audit","docs/release/live-audit/phase12/phase12_repo_hygiene_execution_pack.md","True","CRITICAL","https://github.com/tcmegahan/Crown2026/pull/699"
"699","Fix/frontend audit","fix/frontend-audit","docs/release/live-audit/phase12/phase12_stale_release_docs.csv","True","CRITICAL","https://github.com/tcmegahan/Crown2026/pull/699"
"699","Fix/frontend audit","fix/frontend-audit","docs/release/live-audit/phase12/x_arch.csv","True","CRITICAL","https://github.com/tcmegahan/Crown2026/pull/699"
"699","Fix/frontend audit","fix/frontend-audit","docs/release/live-audit/phase12/x_exec.csv","True","CRITICAL","https://github.com/tcmegahan/Crown2026/pull/699"
"699","Fix/frontend audit","fix/frontend-audit","docs/release/live-audit/phase12/x_stale.csv","True","CRITICAL","https://github.com/tcmegahan/Crown2026/pull/699"
"699","Fix/frontend audit","fix/frontend-audit","docs/release/live-audit/phase13/phase13_archived_workflows.csv","True","CRITICAL","https://github.com/tcmegahan/Crown2026/pull/699"
"699","Fix/frontend audit","fix/frontend-audit","docs/release/live-audit/phase13/phase13_workflow_canonicalization_plan.json","True","CRITICAL","https://github.com/tcmegahan/Crown2026/pull/699"
"699","Fix/frontend audit","fix/frontend-audit","docs/release/live-audit/phase13/phase13_workflow_canonicalization_plan.md","True","CRITICAL","https://github.com/tcmegahan/Crown2026/pull/699"
"699","Fix/frontend audit","fix/frontend-audit","docs/release/live-audit/phase13/phase13_workflow_review_matrix.csv","True","CRITICAL","https://github.com/tcmegahan/Crown2026/pull/699"
"699","Fix/frontend audit","fix/frontend-audit","docs/release/live-audit/phase14/phase14_live_evidence_pack_builder.json","True","CRITICAL","https://github.com/tcmegahan/Crown2026/pull/699"
"699","Fix/frontend audit","fix/frontend-audit","docs/release/live-audit/phase14/phase14_live_evidence_pack_builder.md","True","CRITICAL","https://github.com/tcmegahan/Crown2026/pull/699"
"699","Fix/frontend audit","fix/frontend-audit","docs/release/live-audit/phase15/phase15_completion_matrix.csv","True","CRITICAL","https://github.com/tcmegahan/Crown2026/pull/699"
"699","Fix/frontend audit","fix/frontend-audit","docs/release/live-audit/phase15/phase15_final_ship_decision_and_completion.json","True","CRITICAL","https://github.com/tcmegahan/Crown2026/pull/699"
"699","Fix/frontend audit","fix/frontend-audit","docs/release/live-audit/phase15/phase15_final_ship_decision_and_completion.md","True","CRITICAL","https://github.com/tcmegahan/Crown2026/pull/699"
"699","Fix/frontend audit","fix/frontend-audit","docs/release/live-audit/phase16/phase16_archived_items.csv","True","CRITICAL","https://github.com/tcmegahan/Crown2026/pull/699"
"699","Fix/frontend audit","fix/frontend-audit","docs/release/live-audit/phase16/phase16_dead_directory_candidates.csv","True","CRITICAL","https://github.com/tcmegahan/Crown2026/pull/699"
"699","Fix/frontend audit","fix/frontend-audit","docs/release/live-audit/phase16/phase16_dead_file_candidates.csv","True","CRITICAL","https://github.com/tcmegahan/Crown2026/pull/699"
"699","Fix/frontend audit","fix/frontend-audit","docs/release/live-audit/phase16/phase16_executed_actions.csv","True","CRITICAL","https://github.com/tcmegahan/Crown2026/pull/699"
"699","Fix/frontend audit","fix/frontend-audit","docs/release/live-audit/phase16/phase16_pre_cleanup_git_diff_stat.txt","True","CRITICAL","https://github.com/tcmegahan/Crown2026/pull/699"
"699","Fix/frontend audit","fix/frontend-audit","docs/release/SECURITY_GATES_EVIDENCE.md","True","CRITICAL","https://github.com/tcmegahan/Crown2026/pull/699"
