source_id,custody_path,integrity_reference,planned_action,chunk_rows,provenance_rows,quarantine_applies,execution_status
C1-GOV-0001,c1_candidate_sources/ADMISSIONS_API_CONTRACT.md,0fdd5f576e2532b9953e5db5f6d8bea9bcfef01f484e272a15a8300ccdf29288,would_ingest_manifest_only,4,1,NO,NOT_EXECUTED
C1-GOV-0002,c1_candidate_sources/API_VERSION_POLICY.md,c683b3ea7ad11709463474da492f58f2894b87184c410a6445de5392aef473ae,would_ingest_manifest_only,1,1,NO,NOT_EXECUTED
C1-GOV-0003,c1_candidate_sources/BACKUP_RESTORE_POLICY.md,9e65f785b0b6861ac5fb93a4abcf494c5a5231fa8adfba39aa520c95417defb2,would_ingest_manifest_only,1,1,NO,NOT_EXECUTED
C1-GOV-0004,c1_candidate_sources/CROWN_IP_COMPLIANCE_POLICY.md,ad88836b9b60140fc56b824473d9990af08d2f38a233eb79c72eb7e594e3a770,would_ingest_manifest_only,2,1,NO,NOT_EXECUTED
C1-GOV-0006,c1_candidate_sources/DATA_RETENTION_POLICY.md,26cd0efdc8938b0de54f3e968464e88e7152966a2b92e8692388444f9b96bde9,would_ingest_manifest_only,1,1,NO,NOT_EXECUTED
C1-GOV-0007,c1_candidate_sources/DEMO_MODE_POLICY.md,0b3561188c330a2ca699ddad0f5759331e32b7c93fa3484bc9b7acedbced004e,would_ingest_manifest_only,1,1,NO,NOT_EXECUTED
C1-GOV-0008,c1_candidate_sources/DISASTER_RECOVERY_POLICY.md,a18a0f3ec6840cd01665120c143dac9238c56ea0704bcf346b8fac2d0e87dfa4,would_ingest_manifest_only,1,1,NO,NOT_EXECUTED
C1-GOV-0009,c1_candidate_sources/FINANCIAL_AID_API_CONTRACT.md,e644e3841cc8445b25109e2aafde090f9a96802bf2957e18e35e440b0dbea9ce,would_ingest_manifest_only,3,1,NO,NOT_EXECUTED
C1-GOV-0010,c1_candidate_sources/INCIDENT_RESPONSE_POLICY.md,e86d41828ec703f873297750a922af23bd054bc97d29353e9a950abe48947798,would_ingest_manifest_only,1,1,NO,NOT_EXECUTED
