source_id,chunk_id,byte_start,byte_end,chunk_size_bytes,overlap_bytes,chunking_policy,source_sha256
C1-GOV-0001,C1-GOV-0001-CHUNK-0001,0,4096,4096,0,"fixed_bytes:4096,overlap:256",0fdd5f576e2532b9953e5db5f6d8bea9bcfef01f484e272a15a8300ccdf29288
C1-GOV-0001,C1-GOV-0001-CHUNK-0002,3840,7936,4096,256,"fixed_bytes:4096,overlap:256",0fdd5f576e2532b9953e5db5f6d8bea9bcfef01f484e272a15a8300ccdf29288
C1-GOV-0001,C1-GOV-0001-CHUNK-0003,7680,11776,4096,256,"fixed_bytes:4096,overlap:256",0fdd5f576e2532b9953e5db5f6d8bea9bcfef01f484e272a15a8300ccdf29288
C1-GOV-0001,C1-GOV-0001-CHUNK-0004,11520,12199,679,256,"fixed_bytes:4096,overlap:256",0fdd5f576e2532b9953e5db5f6d8bea9bcfef01f484e272a15a8300ccdf29288
C1-GOV-0002,C1-GOV-0002-CHUNK-0001,0,1392,1392,0,"fixed_bytes:4096,overlap:256",c683b3ea7ad11709463474da492f58f2894b87184c410a6445de5392aef473ae
C1-GOV-0003,C1-GOV-0003-CHUNK-0001,0,175,175,0,"fixed_bytes:4096,overlap:256",9e65f785b0b6861ac5fb93a4abcf494c5a5231fa8adfba39aa520c95417defb2
C1-GOV-0004,C1-GOV-0004-CHUNK-0001,0,4096,4096,0,"fixed_bytes:4096,overlap:256",ad88836b9b60140fc56b824473d9990af08d2f38a233eb79c72eb7e594e3a770
C1-GOV-0004,C1-GOV-0004-CHUNK-0002,3840,7387,3547,256,"fixed_bytes:4096,overlap:256",ad88836b9b60140fc56b824473d9990af08d2f38a233eb79c72eb7e594e3a770
C1-GOV-0006,C1-GOV-0006-CHUNK-0001,0,165,165,0,"fixed_bytes:4096,overlap:256",26cd0efdc8938b0de54f3e968464e88e7152966a2b92e8692388444f9b96bde9
C1-GOV-0007,C1-GOV-0007-CHUNK-0001,0,4066,4066,0,"fixed_bytes:4096,overlap:256",0b3561188c330a2ca699ddad0f5759331e32b7c93fa3484bc9b7acedbced004e
C1-GOV-0008,C1-GOV-0008-CHUNK-0001,0,2083,2083,0,"fixed_bytes:4096,overlap:256",a18a0f3ec6840cd01665120c143dac9238c56ea0704bcf346b8fac2d0e87dfa4
C1-GOV-0009,C1-GOV-0009-CHUNK-0001,0,4096,4096,0,"fixed_bytes:4096,overlap:256",e644e3841cc8445b25109e2aafde090f9a96802bf2957e18e35e440b0dbea9ce
C1-GOV-0009,C1-GOV-0009-CHUNK-0002,3840,7936,4096,256,"fixed_bytes:4096,overlap:256",e644e3841cc8445b25109e2aafde090f9a96802bf2957e18e35e440b0dbea9ce
C1-GOV-0009,C1-GOV-0009-CHUNK-0003,7680,11553,3873,256,"fixed_bytes:4096,overlap:256",e644e3841cc8445b25109e2aafde090f9a96802bf2957e18e35e440b0dbea9ce
C1-GOV-0010,C1-GOV-0010-CHUNK-0001,0,191,191,0,"fixed_bytes:4096,overlap:256",e86d41828ec703f873297750a922af23bd054bc97d29353e9a950abe48947798
