"Name","Mode","Length","LastWriteTime"
".dockerignore","-a---l","217","4/8/2026 7:58:10 PM"
".editorconfig","-a---l","286","4/17/2026 7:13:16 AM"
".editorconfig.bak.20260417_071316","-a---l","530","4/8/2026 7:58:10 PM"
".env.local.example","-a---l","314","4/8/2026 7:58:10 PM"
".env.release","-a---l","2748","4/7/2026 7:15:59 PM"
".git","dar--l",,"4/17/2026 8:34:44 PM"
".gitattributes","-a---l","65","4/9/2026 3:20:36 PM"
".githooks","dar--l",,"4/1/2026 3:26:57 AM"
".github","d----l",,"4/8/2026 7:58:10 PM"
".gitignore","-a---l","3327","4/17/2026 7:13:16 AM"
".gitignore.bak.20260417_071316","-a---l","2721","4/17/2026 6:03:34 AM"
".gitleaks.toml","-a---l","392","4/15/2026 8:24:01 PM"
".gitleaksignore","-a---l","3851","3/19/2026 9:31:46 PM"
".pytest_cache","dar--l",,"4/11/2026 7:42:14 PM"
".venv","dar--l",,"3/30/2026 3:39:22 AM"
".vscode","dar--l",,"4/17/2026 7:13:16 AM"
"_first_backend_failure.txt","-a---l","3568","4/15/2026 4:36:04 AM"
"_full_backend_regression_latest.txt","-a---l","0","4/14/2026 10:55:54 PM"
"_next_backend_blocker.txt","-a---l","13658","4/15/2026 6:57:03 AM"
"_next_backend_blocker_after_graph_fix.txt","-a---l","13774","4/15/2026 7:15:41 AM"
"_next_backend_blocker_after_m365_fix.txt","-a---l","112976","4/15/2026 7:37:09 AM"
"_next_backend_blocker_after_route_fix.txt","-a---l","2434","4/15/2026 7:48:35 AM"
"_PHASE1_INVENTORY_20260309_220005","d----l",,"3/25/2026 10:01:31 PM"
"_PHASE2_TRIAGE_20260309_220452","d----l",,"3/25/2026 10:01:31 PM"
"_PHASE3_APPLY_20260309_220550","d----l",,"3/25/2026 10:01:31 PM"
"_PHASE4_VERIFY_20260309_220637","d----l",,"3/25/2026 10:01:31 PM"
"_required_check_normalization.diff","-a---l","18098","4/8/2026 7:58:10 PM"
"_tmp_admissions_schema.yaml","-a---l","1050339","4/10/2026 6:13:36 PM"
"_tmp_admissions_schema_v3.yaml","-a---l","672008","4/10/2026 6:15:26 PM"
"_tmp_admissions_triplecheck.yaml","-a---l","672008","4/10/2026 6:24:00 PM"
"_tmp_admissions_triplecheck_after.yaml","-a---l","684589","4/10/2026 6:29:10 PM"
"_tmp_advancement_spectacular_live.txt","-a---l","476732","4/12/2026 12:20:00 PM"
"_tmp_aftercare_spectacular_latest.err","-a---l","229108","4/12/2026 12:30:25 PM"
"_tmp_enrollment_audit.yaml","-a---l","684589","4/10/2026 6:33:20 PM"
"_tmp_enrollment_audit_after.yaml","-a---l","707563","4/10/2026 6:39:26 PM"
"_tmp_finance_spectacular_live.txt","-a---l","490388","4/12/2026 12:05:20 PM"
"_tmp_openapi_audit_after_priority_fix.yaml","-a---l","809964","4/10/2026 11:12:21 PM"
"_tmp_openapi_audit_after_settings_fix.yaml","-a---l","828076","4/10/2026 11:22:21 PM"
"_tmp_openapi_speedpass.yaml","-a---l","828076","4/11/2026 2:07:42 AM"
"_tmp_openapi_speedpass2.yaml","-a---l","835904","4/11/2026 2:18:39 AM"
"_tmp_scheduling_audit.yaml","-a---l","707563","4/10/2026 7:30:48 PM"
"_tmp_scheduling_audit_after.yaml","-a---l","729650","4/10/2026 7:36:10 PM"
"_tmp_scheduling_audit_final.yaml","-a---l","730622","4/10/2026 7:38:30 PM"
"_tmp_schema_check_cmd.txt","-a---l","246261","4/12/2026 9:23:37 PM"
"_tmp_schema_check_latest.txt","-a---l","281555","4/12/2026 10:32:39 AM"
"_workflow_audit","d----l",,"3/25/2026 10:01:31 PM"
"APPLY_DEMO_PROOF_FIXES.ps1","-a---l","31284","4/10/2026 7:36:51 AM"
"APPLY_WIRING_VERIFICATION_PACK.ps1","-a---l","16847","4/10/2026 5:41:35 PM"
"artifacts","d----l",,"4/14/2026 10:44:13 PM"
"AUDIT_PACK_20260328_051625","dar--l",,"3/28/2026 9:12:18 AM"
"AUDIT_PACK_20260328_061649","dar--l",,"3/28/2026 9:12:18 AM"
"AUDIT_PACK_20260328_061731","dar--l",,"3/28/2026 9:12:18 AM"
"AUDIT_PACK_20260328_092722","dar--l",,"3/28/2026 10:54:50 AM"
"AUDIT_PACK_20260328_092813","dar--l",,"3/28/2026 10:54:50 AM"
"AUDIT_PACK_20260328_092859","dar--l",,"3/28/2026 10:54:50 AM"
"AUDIT_PACK_20260330_033324","dar--l",,"3/30/2026 3:34:51 AM"
"AUDIT_PACK_20260407_184832","dar--l",,"4/7/2026 6:58:58 PM"
"AUDIT_PACK_20260407_190419","dar--l",,"4/7/2026 7:05:48 PM"
"AUDIT_PACK_20260407_193836","dar--l",,"4/7/2026 7:40:02 PM"
"AUDIT_PACK_20260408_010717","dar--l",,"4/8/2026 1:09:34 AM"
"AUDIT_PACK_20260408_011632","dar--l",,"4/8/2026 1:18:09 AM"
"AUDIT_PACK_20260408_073351","dar--l",,"4/8/2026 7:36:18 AM"
"AUDIT_PACK_20260408_073903","dar--l",,"4/8/2026 7:40:51 AM"
"AUDIT_PACK_20260408_074415","dar--l",,"4/8/2026 7:46:07 AM"
"AUDIT_PACK_20260408_075005","dar--l",,"4/8/2026 7:51:58 AM"
"AUDIT_PACK_20260408_075534","dar--l",,"4/8/2026 7:57:16 AM"
"AUDIT_PACK_20260408_080548","dar--l",,"4/8/2026 8:07:26 AM"
"AUDIT_PACK_20260408_080955","dar--l",,"4/8/2026 8:11:36 AM"
"AUDIT_PACK_20260412_010217","d----l",,"4/12/2026 1:05:08 AM"
"AUDIT_PACK_20260412_082753","dar--l",,"4/12/2026 9:45:29 AM"
"AUDIT_PACK_20260412_090616","dar--l",,"4/12/2026 9:45:29 AM"
"AUDIT_PACK_20260413_190213","dar--l",,"4/13/2026 7:05:03 PM"
"AUDIT_PACK_20260415_190231","dar--l",,"4/15/2026 7:05:09 PM"
"AUDIT_PACK_20260417_180522","dar--l",,"4/17/2026 7:49:49 PM"
"AUDIT_PACK_20260417_182614","dar--l",,"4/17/2026 8:06:22 PM"
"AUDIT_PACK_20260417_200623","dar--l",,"4/17/2026 8:07:53 PM"
"audit-artifacts","dar--l",,"4/17/2026 7:18:22 AM"
"backend","d----l",,"4/15/2026 5:19:41 AM"
"CHANGELOG.md","-a---l","2334","4/8/2026 7:58:10 PM"
"ci.sqlite3","-a---l","0","4/16/2026 8:07:52 AM"
"ci_verify.sqlite3","-a---l","0","4/17/2026 6:46:29 AM"
"CODEOWNERS","-a---l","615","4/8/2026 7:58:10 PM"
"config","dar--l",,"4/9/2026 3:20:35 PM"
"contracts","d----l",,"3/25/2026 10:01:31 PM"
"CONTRIBUTING.md","-a---l","2444","4/8/2026 7:58:10 PM"
"core_shadowed","d----l",,"4/8/2026 7:58:13 PM"
"crown2026_config","d----l",,"4/11/2026 9:04:42 PM"
"curl_examples_director_actions.sh","-a---l","2104","4/8/2026 7:58:13 PM"
"docker-compose.yml","-a---l","1322","4/9/2026 3:20:36 PM"
"Dockerfile","-a---l","577","3/19/2026 9:31:46 PM"
"docs","d----l",,"4/14/2026 2:19:57 AM"
"e2e","dar--l",,"4/11/2026 9:04:58 PM"
"entrypoint.sh","-a---l","2099","3/19/2026 9:31:48 PM"
"frontend","d----l",,"4/11/2026 9:04:58 PM"
"local.secrets.ps1.example","-a---l","1060","3/19/2026 9:31:50 PM"
"login.json","-a---l","59","3/30/2026 4:17:07 AM"
"manage.py","-a---l","1200","3/19/2026 9:31:50 PM"
"MEDIUM_STRIKE_20260316_011931","d----l",,"3/25/2026 10:01:31 PM"
"NOTICE.md","-a---l","2077","4/8/2026 7:58:10 PM"
"ops","dar--l",,"4/8/2026 7:50:04 PM"
"package-lock.json","-a---l","94","4/8/2026 7:58:15 PM"
"pr_body.txt","-a---l","2274","3/30/2026 4:17:05 AM"
"pytest.ini","-a---l","317","4/8/2026 7:58:15 PM"
"PYTEST_PROOF_20260328-092057.txt","-a---l","1786","3/28/2026 9:24:10 AM"
"PYTEST_PROOF_20260328-100615.txt","-a---l","1462","3/28/2026 10:07:53 AM"
"PYTEST_PROOF_20260328-100807.txt","-a---l","976","3/28/2026 10:08:58 AM"
"README.md","-a---l","1164","4/8/2026 7:58:10 PM"
"release_closeout","dar--l",,"4/12/2026 2:51:42 AM"
"requirements.txt","-a---l","29","4/16/2026 11:44:07 PM"
"ruleset_main.json","-a---l","838","3/19/2026 9:31:50 PM"
"ruleset_release.json","-a---l","920","3/19/2026 9:31:50 PM"
"ruleset_tags.json","-a---l","320","3/19/2026 9:31:50 PM"
"schema_build_stderr.log","-a---l","0","4/12/2026 10:52:46 AM"
"schools_prod.txt","-a---l","192","4/11/2026 9:04:42 PM"
"scripts","d----l",,"4/17/2026 7:16:29 AM"
"secrets","d----l",,"3/25/2026 10:01:31 PM"
"SECURITY.md","-a---l","2229","4/8/2026 7:58:10 PM"
"seed_a535.py","-a---l","1841","4/8/2026 7:58:15 PM"
"seed_a535_clean.py","-a---l","2676","4/8/2026 7:58:15 PM"
"services","d----l",,"3/25/2026 10:01:34 PM"
"test_login.json","-a---l","63","3/19/2026 9:31:50 PM"
"tests","dar--l",,"4/11/2026 9:27:02 PM"
"tools","d----l",,"4/11/2026 9:05:02 PM"
"venv","dar--l",,"4/9/2026 2:04:25 AM"
"VERSION","-a---l","17","3/19/2026 9:31:46 PM"
"WIRING_VERIFICATION_README.txt","-a---l","707","4/10/2026 8:00:43 AM"
