"ModuleId","Layer","Module","Owner","CheckId","CheckCategory","CheckName","Severity","WorkCategory","Status","RequiredFixIfMissing","EvidenceFile","SprintPriority"
"12","SIS Core","School Year / Term","Dev 2","23","Security","Tenant Isolation Tested","FAIL","Tenant-Isolation","NOT PROVEN / TEST GAP","Add cross-school denial tests.","audit-artifacts\51x51-module-integrity\20260428_042020\evidence\12_School_Year_Term_23_Tenant_Isolation_Tested.txt","P1"
"12","SIS Core","School Year / Term","Dev 2","40","Testing","Unit Tests Exist","FAIL","Test-Coverage","NOT PROVEN / TEST GAP","Add unit tests.","audit-artifacts\51x51-module-integrity\20260428_042020\evidence\12_School_Year_Term_40_Unit_Tests_Exist.txt","P1"
"12","SIS Core","School Year / Term","Dev 2","41","Testing","API Tests Exist","FAIL","Test-Coverage","NOT PROVEN / TEST GAP","Add API tests.","audit-artifacts\51x51-module-integrity\20260428_042020\evidence\12_School_Year_Term_41_API_Tests_Exist.txt","P1"
"12","SIS Core","School Year / Term","Dev 2","42","Testing","Frontend Tests Exist","FAIL","Test-Coverage","NOT PROVEN / TEST GAP","Add component tests.","audit-artifacts\51x51-module-integrity\20260428_042020\evidence\12_School_Year_Term_42_Frontend_Tests_Exist.txt","P1"
"12","SIS Core","School Year / Term","Dev 2","43","Testing","Playwright/E2E Exists","FAIL","Test-Coverage","NOT PROVEN / TEST GAP","Add Playwright smoke test.","audit-artifacts\51x51-module-integrity\20260428_042020\evidence\12_School_Year_Term_43_Playwright_E2E_Exists.txt","P1"
"12","SIS Core","School Year / Term","Dev 2","44","Testing","Negative Tests Exist","FAIL","Test-Coverage","NOT PROVEN / TEST GAP","Add negative coverage.","audit-artifacts\51x51-module-integrity\20260428_042020\evidence\12_School_Year_Term_44_Negative_Tests_Exist.txt","P1"
"12","SIS Core","School Year / Term","Dev 2","51","Quality","Definition of Done Met","FAIL","Product-Governance","NOT COMPLETE / GAPS REMAIN","Close all missing evidence rows before claiming complete.","audit-artifacts\51x51-module-integrity\20260428_042020\evidence\12_School_Year_Term_51_Definition_of_Done_Met.txt","P1"
"12","SIS Core","School Year / Term","Dev 2","19","API","Validation Exists","REVIEW","Test-Coverage","IMPLEMENTED / TEST GAP","Add validation and negative tests.","audit-artifacts\51x51-module-integrity\20260428_042020\evidence\12_School_Year_Term_19_Validation_Exists.txt","P2"
"12","SIS Core","School Year / Term","Dev 2","21","Security","Authentication Required","REVIEW","Test-Coverage","IMPLEMENTED / TEST GAP","Enforce auth on APIs and routes.","audit-artifacts\51x51-module-integrity\20260428_042020\evidence\12_School_Year_Term_21_Authentication_Required.txt","P2"
"12","SIS Core","School Year / Term","Dev 2","22","Security","Permission Enforcement Exists","REVIEW","Permission-Security","IMPLEMENTED / TEST GAP","Add RBAC checks and tests.","audit-artifacts\51x51-module-integrity\20260428_042020\evidence\12_School_Year_Term_22_Permission_Enforcement_Exists.txt","P2"
"12","SIS Core","School Year / Term","Dev 2","24","Security","Audit Logging Exists","REVIEW","Test-Coverage","IMPLEMENTED / TEST GAP","Add audit events for mutations/access.","audit-artifacts\51x51-module-integrity\20260428_042020\evidence\12_School_Year_Term_24_Audit_Logging_Exists.txt","P2"
"12","SIS Core","School Year / Term","Dev 2","45","Release","Health/Integrity Check Exists","REVIEW","Test-Coverage","IMPLEMENTED / TEST GAP","Add module to integrity gate.","audit-artifacts\51x51-module-integrity\20260428_042020\evidence\12_School_Year_Term_45_Health_Integrity_Check_Exists.txt","P2"
