source_id,title,source_type,origin_owner,acquisition_method,acquired_by,acquired_at,custody_path,version_or_date,integrity_reference,rights_basis,provenance_tier,review_status,reviewer,decision_date,decision_rationale,risk_flags
C1-GOV-0001,ADMISSIONS_API_CONTRACT,legal,Governance Owner,Local approved candidate-source folder scan,SOLOMON C1 Intake Preprocessor,2026-05-14T07:49:19.741522+00:00,c1_candidate_sources/ADMISSIONS_API_CONTRACT.md,2026-05-14T07:49:19.741522+00:00,sha256:0fdd5f576e2532b9953e5db5f6d8bea9bcfef01f484e272a15a8300ccdf29288,Pending human confirmation,P1,NOT_REVIEWED,,,,
C1-GOV-0002,API_VERSION_POLICY,policy,Governance Owner,Local approved candidate-source folder scan,SOLOMON C1 Intake Preprocessor,2026-05-14T07:49:19.651983+00:00,c1_candidate_sources/API_VERSION_POLICY.md,2026-05-14T07:49:19.651983+00:00,sha256:c683b3ea7ad11709463474da492f58f2894b87184c410a6445de5392aef473ae,Pending human confirmation,P1,NOT_REVIEWED,,,,
C1-GOV-0003,BACKUP_RESTORE_POLICY,policy,Governance Owner,Local approved candidate-source folder scan,SOLOMON C1 Intake Preprocessor,2026-05-14T07:49:20.251374+00:00,c1_candidate_sources/BACKUP_RESTORE_POLICY.md,2026-05-14T07:49:20.251374+00:00,sha256:9e65f785b0b6861ac5fb93a4abcf494c5a5231fa8adfba39aa520c95417defb2,Pending human confirmation,P1,NOT_REVIEWED,,,,
C1-GOV-0004,CROWN_IP_COMPLIANCE_POLICY,policy,Governance Owner,Local approved candidate-source folder scan,SOLOMON C1 Intake Preprocessor,2026-05-14T07:49:19.661002+00:00,c1_candidate_sources/CROWN_IP_COMPLIANCE_POLICY.md,2026-05-14T07:49:19.661002+00:00,sha256:ad88836b9b60140fc56b824473d9990af08d2f38a233eb79c72eb7e594e3a770,Pending human confirmation,P1,NOT_REVIEWED,,,,
C1-GOV-0005,CROWN_SOLOMON_CANON,reference,Governance Owner,Local approved candidate-source folder scan,SOLOMON C1 Intake Preprocessor,2026-05-14T07:49:20.236369+00:00,c1_candidate_sources/CROWN_SOLOMON_CANON.md,2026-05-14T07:49:20.236369+00:00,sha256:6f9cff078ab29c5db6cddab4a989a2b492d6383007365997985f1328ade03573,Pending human confirmation,P3,NOT_REVIEWED,,,,
C1-GOV-0006,DATA_RETENTION_POLICY,policy,Governance Owner,Local approved candidate-source folder scan,SOLOMON C1 Intake Preprocessor,2026-05-14T07:49:20.255374+00:00,c1_candidate_sources/DATA_RETENTION_POLICY.md,2026-05-14T07:49:20.255374+00:00,sha256:26cd0efdc8938b0de54f3e968464e88e7152966a2b92e8692388444f9b96bde9,Pending human confirmation,P1,NOT_REVIEWED,,,,
C1-GOV-0007,DEMO_MODE_POLICY,policy,Governance Owner,Local approved candidate-source folder scan,SOLOMON C1 Intake Preprocessor,2026-05-14T07:49:19.710525+00:00,c1_candidate_sources/DEMO_MODE_POLICY.md,2026-05-14T07:49:19.710525+00:00,sha256:0b3561188c330a2ca699ddad0f5759331e32b7c93fa3484bc9b7acedbced004e,Pending human confirmation,P1,NOT_REVIEWED,,,,
C1-GOV-0008,DISASTER_RECOVERY_POLICY,policy,Governance Owner,Local approved candidate-source folder scan,SOLOMON C1 Intake Preprocessor,2026-05-14T07:49:19.714523+00:00,c1_candidate_sources/DISASTER_RECOVERY_POLICY.md,2026-05-14T07:49:19.714523+00:00,sha256:a18a0f3ec6840cd01665120c143dac9238c56ea0704bcf346b8fac2d0e87dfa4,Pending human confirmation,P1,NOT_REVIEWED,,,,
C1-GOV-0009,FINANCIAL_AID_API_CONTRACT,legal,Governance Owner,Local approved candidate-source folder scan,SOLOMON C1 Intake Preprocessor,2026-05-14T07:49:19.742520+00:00,c1_candidate_sources/FINANCIAL_AID_API_CONTRACT.md,2026-05-14T07:49:19.742520+00:00,sha256:e644e3841cc8445b25109e2aafde090f9a96802bf2957e18e35e440b0dbea9ce,Pending human confirmation,P1,NOT_REVIEWED,,,,
C1-GOV-0010,INCIDENT_RESPONSE_POLICY,policy,Governance Owner,Local approved candidate-source folder scan,SOLOMON C1 Intake Preprocessor,2026-05-14T07:49:20.258373+00:00,c1_candidate_sources/INCIDENT_RESPONSE_POLICY.md,2026-05-14T07:49:20.258373+00:00,sha256:e86d41828ec703f873297750a922af23bd054bc97d29353e9a950abe48947798,Pending human confirmation,P1,NOT_REVIEWED,,,,
